t,channel,post_id,type,value,modifier,tags,lat,lon,text,source
2026-07-01T00:31:03+00:00,kpszsu,66952,область,Сумська,,КАБ,50.9077,34.7981,КАБи на Сумщині,https://t.me/kpszsu/66952
2026-07-01T00:47:38+00:00,kpszsu,66954,область,Донецька,,КАБ,48.0159,37.8029,КАБи на Донеччині,https://t.me/kpszsu/66954
2026-07-01T01:25:54+00:00,kpszsu,66956,область,Запорізька,,КАБ,47.8388,35.1396,КАБи на Запоріжжя,https://t.me/kpszsu/66956
2026-07-01T02:08:05+00:00,kpszsu,66957,область,Запорізька,,КАБ,47.8388,35.1396,Пуски КАБ на Запоріжжя та Донеччину,https://t.me/kpszsu/66957
2026-07-01T02:08:05+00:00,kpszsu,66957,область,Донецька,,КАБ,48.0159,37.8029,Пуски КАБ на Запоріжжя та Донеччину,https://t.me/kpszsu/66957
2026-07-01T06:01:07+00:00,kpszsu,66969,область,Сумська,північ,КАБ,50.9077,34.7981,Пуски КАБ на півночі Сумщини.,https://t.me/kpszsu/66969
2026-07-01T06:20:24+00:00,kpszsu,66970,область,Харківська,північ,КАБ,49.9935,36.2304,Пуски КАБ на півночі Харківщини.,https://t.me/kpszsu/66970
2026-07-01T08:23:07+00:00,kpszsu,66975,область,Донецька,,КАБ,48.0159,37.8029,КАБи на Донеччину!,https://t.me/kpszsu/66975
2026-07-01T11:58:24+00:00,kpszsu,66984,область,Харківська,північ,БпЛА|КАБ,49.9935,36.2304,КАБи на північ Харківщини!,https://t.me/kpszsu/66984
2026-07-01T13:24:19+00:00,kpszsu,66990,область,Донецька,,КАБ,48.0159,37.8029,КАБи на Донеччину!,https://t.me/kpszsu/66990
2026-07-01T18:00:08+00:00,kpszsu,67005,область,Харківська,північ,КАБ,49.9935,36.2304,КАБи на північ Харківщини!,https://t.me/kpszsu/67005
2026-07-02T01:02:03+00:00,kpszsu,67071,область,Сумська,,КАБ,50.9077,34.7981,Пуски КАБ на Сумщину та Донеччину.,https://t.me/kpszsu/67071
2026-07-02T01:02:03+00:00,kpszsu,67071,область,Донецька,,КАБ,48.0159,37.8029,Пуски КАБ на Сумщину та Донеччину.,https://t.me/kpszsu/67071
2026-07-02T06:03:42+00:00,kpszsu,67091,область,Харківська,схід,КАБ,49.9935,36.2304,Пуски КАБ на Харківщину зі сходу.,https://t.me/kpszsu/67091
2026-07-02T07:04:50+00:00,kpszsu,67098,область,Запорізька,,КАБ,47.8388,35.1396,"Пуски КАБ на Запоріжжя, Сумщину, Донеччину.",https://t.me/kpszsu/67098
2026-07-02T07:04:50+00:00,kpszsu,67098,область,Сумська,,КАБ,50.9077,34.7981,"Пуски КАБ на Запоріжжя, Сумщину, Донеччину.",https://t.me/kpszsu/67098
2026-07-02T07:04:50+00:00,kpszsu,67098,область,Донецька,,КАБ,48.0159,37.8029,"Пуски КАБ на Запоріжжя, Сумщину, Донеччину.",https://t.me/kpszsu/67098
2026-07-02T07:49:54+00:00,kpszsu,67104,область,Дніпропетровська,схід,БпЛА|КАБ,48.4647,35.0462,КАБи на південно-східний напрямок Дніпропетровщини.,https://t.me/kpszsu/67104
2026-07-02T08:13:12+00:00,kpszsu,67107,область,Запорізька,,БпЛА|КАБ,47.8388,35.1396,КАБи на Запоріжжя.,https://t.me/kpszsu/67107
2026-07-02T12:12:14+00:00,kpszsu,67117,область,Донецька,,КАБ,48.0159,37.8029,КАБи на Донеччину!,https://t.me/kpszsu/67117
2026-07-02T12:14:12+00:00,kpszsu,67118,область,Сумська,схід,КАБ,50.9077,34.7981,КАБи на схід Сумщини!,https://t.me/kpszsu/67118
2026-07-02T12:17:40+00:00,kpszsu,67120,область,Сумська,,КАБ,50.9077,34.7981,КАБи на Суми!,https://t.me/kpszsu/67120
2026-07-02T12:50:35+00:00,kpszsu,67127,область,Донецька,,КАБ,48.0159,37.8029,КАБи на Донеччину!,https://t.me/kpszsu/67127
2026-07-02T12:53:17+00:00,kpszsu,67128,область,Харківська,схід,БпЛА|КАБ,49.9935,36.2304,КАБи на північний схід Харківщини!,https://t.me/kpszsu/67128
2026-07-02T13:17:34+00:00,kpszsu,67134,область,Запорізька,,КАБ,47.8388,35.1396,КАБи на Запорізьку область!,https://t.me/kpszsu/67134
2026-07-02T13:37:12+00:00,kpszsu,67138,область,Донецька,,БпЛА|КАБ,48.0159,37.8029,КАБи на Донеччину!,https://t.me/kpszsu/67138
2026-07-02T13:38:48+00:00,kpszsu,67139,область,Дніпропетровська,,КАБ,48.4647,35.0462,КАБи на Дніпропетровщину!,https://t.me/kpszsu/67139
2026-07-02T18:23:22+00:00,kpszsu,67147,область,Сумська,,КАБ,50.9077,34.7981,КАБи на Сумщину та Донеччину!,https://t.me/kpszsu/67147
2026-07-02T18:23:22+00:00,kpszsu,67147,область,Донецька,,КАБ,48.0159,37.8029,КАБи на Сумщину та Донеччину!,https://t.me/kpszsu/67147
2026-07-02T19:32:08+00:00,kpszsu,67153,область,Запорізька,,КАБ,47.8388,35.1396,КАБи на Запоріжжя!,https://t.me/kpszsu/67153
2026-07-03T00:25:46+00:00,kpszsu,67161,область,Донецька,,КАБ,48.0159,37.8029,КАБи на Донеччину!,https://t.me/kpszsu/67161
2026-07-03T00:54:43+00:00,kpszsu,67163,область,Харківська,північ,КАБ,49.9935,36.2304,КАБи на північ Харківщини!,https://t.me/kpszsu/67163
2026-07-03T01:10:06+00:00,kpszsu,67164,область,Дніпропетровська,,КАБ,48.4647,35.0462,КАБи на Дніпропетровщину!,https://t.me/kpszsu/67164
2026-07-03T01:11:47+00:00,kpszsu,67165,область,Харківська,північ,КАБ,49.9935,36.2304,КАБи на північ Харківщини!,https://t.me/kpszsu/67165
2026-07-03T01:12:48+00:00,kpszsu,67166,область,Донецька,,КАБ,48.0159,37.8029,КАБи на Донеччину!,https://t.me/kpszsu/67166
2026-07-03T01:53:44+00:00,kpszsu,67167,область,Дніпропетровська,,КАБ,48.4647,35.0462,КАБи на Дніпропетровщину та Запорізьку область!,https://t.me/kpszsu/67167
2026-07-03T01:53:44+00:00,kpszsu,67167,область,Запорізька,,КАБ,47.8388,35.1396,КАБи на Дніпропетровщину та Запорізьку область!,https://t.me/kpszsu/67167
2026-07-03T01:58:55+00:00,kpszsu,67168,область,Запорізька,,КАБ,47.8388,35.1396,КАБ на місто Запоріжжя!,https://t.me/kpszsu/67168
2026-07-03T02:40:37+00:00,kpszsu,67173,область,Дніпропетровська,,КАБ,48.4647,35.0462,КАБи на Дніпропетровщину!,https://t.me/kpszsu/67173
2026-07-03T06:36:12+00:00,kpszsu,67191,область,Сумська,,КАБ,50.9077,34.7981,Пуски КАБ на Сумщину!,https://t.me/kpszsu/67191
2026-07-03T06:40:32+00:00,kpszsu,67192,область,Донецька,,КАБ,48.0159,37.8029,Пуски КАБ на Донеччину!,https://t.me/kpszsu/67192
2026-07-03T06:59:16+00:00,kpszsu,67194,область,Харківська,північ,КАБ,49.9935,36.2304,Пуски КАБ на північ Харківщини.,https://t.me/kpszsu/67194
2026-07-03T07:49:03+00:00,kpszsu,67199,область,Харківська,схід,КАБ,49.9935,36.2304,КАБи ➡️ на Харківщину зі сходу.,https://t.me/kpszsu/67199
2026-07-03T08:05:57+00:00,kpszsu,67203,область,Дніпропетровська,схід,КАБ,48.4647,35.0462,КАБи ➡️ на схід Дніпропетровщини!,https://t.me/kpszsu/67203
2026-07-03T08:12:35+00:00,kpszsu,67204,область,Запорізька,,КАБ,47.8388,35.1396,КАБи ➡️ на Запорізьку область!,https://t.me/kpszsu/67204
2026-07-03T08:59:31+00:00,kpszsu,67208,область,Дніпропетровська,схід,КАБ,48.4647,35.0462,КАБи ➡️ на схід Дніпропетровщини!,https://t.me/kpszsu/67208
2026-07-03T12:38:49+00:00,kpszsu,67225,область,Сумська,,КАБ,50.9077,34.7981,КАБи на Сумщині.,https://t.me/kpszsu/67225
2026-07-03T12:40:24+00:00,kpszsu,67226,область,Харківська,,КАБ,49.9935,36.2304,КАБи на Харківщині.,https://t.me/kpszsu/67226
2026-07-03T13:12:25+00:00,kpszsu,67229,область,Херсонська,,КАБ,46.6354,32.6169,КАБи ➡️ на Херсонщину (вектор - Херсон)!,https://t.me/kpszsu/67229
2026-07-03T13:16:36+00:00,kpszsu,67230,область,Сумська,південь,КАБ,50.9077,34.7981,КАБи ➡️ на південь Сумщини!,https://t.me/kpszsu/67230
2026-07-03T13:23:28+00:00,kpszsu,67231,область,Харківська,схід,КАБ,49.9935,36.2304,КАБи на Харківщину зі сходу!,https://t.me/kpszsu/67231
2026-07-03T13:33:56+00:00,kpszsu,67233,область,Запорізька,,КАБ,47.8388,35.1396,КАБи ➡️ на Запорізьку область (вектор - н.п.Кушугум)!,https://t.me/kpszsu/67233
2026-07-03T13:35:44+00:00,kpszsu,67234,область,Харківська,схід,КАБ,49.9935,36.2304,КАБи ➡️ на північний схід Харківщини!,https://t.me/kpszsu/67234
2026-07-03T13:36:57+00:00,kpszsu,67235,область,Запорізька,,КАБ,47.8388,35.1396,КАБи ➡️ на Запорізьку область (вектор - н.п.Кушугум)!,https://t.me/kpszsu/67235
2026-07-03T13:50:41+00:00,kpszsu,67237,область,Донецька,,КАБ,48.0159,37.8029,КАБи ➡️ на Донеччину!,https://t.me/kpszsu/67237
2026-07-03T13:58:40+00:00,kpszsu,67239,область,Дніпропетровська,схід,КАБ,48.4647,35.0462,КАБи ➡️ на схід Дніпропетровщини!,https://t.me/kpszsu/67239
2026-07-03T14:10:39+00:00,kpszsu,67240,область,Запорізька,,КАБ,47.8388,35.1396,КАБи ➡️ на Запорізьку область!,https://t.me/kpszsu/67240
2026-07-03T15:15:42+00:00,kpszsu,67249,область,Харківська,схід,КАБ,49.9935,36.2304,КАБи ➡️ на Харківщину зі сходу.,https://t.me/kpszsu/67249
2026-07-03T18:28:09+00:00,kpszsu,67267,область,Донецька,,КАБ,48.0159,37.8029,КАБи на Донеччину.,https://t.me/kpszsu/67267
2026-07-03T18:33:59+00:00,kpszsu,67269,область,Сумська,,КАБ,50.9077,34.7981,КАБи на Сумщині.,https://t.me/kpszsu/67269
2026-07-03T18:58:19+00:00,kpszsu,67270,область,Запорізька,,КАБ,47.8388,35.1396,КАБи на Запоріжжі.,https://t.me/kpszsu/67270
2026-07-03T19:36:13+00:00,kpszsu,67272,область,Харківська,,КАБ,49.9935,36.2304,КАБи на Харківщині.,https://t.me/kpszsu/67272
2026-07-03T19:55:46+00:00,kpszsu,67274,область,Дніпропетровська,,КАБ,48.4647,35.0462,КАБи на Дніпропетровщині.,https://t.me/kpszsu/67274
2026-07-03T23:52:24+00:00,kpszsu,67280,область,Харківська,,КАБ,49.9935,36.2304,КАБи на Харківщині.,https://t.me/kpszsu/67280
2026-07-04T00:31:40+00:00,kpszsu,67287,область,Донецька,,КАБ,48.0159,37.8029,КАБи ➡️ на Донеччину!,https://t.me/kpszsu/67287
2026-07-04T01:01:11+00:00,kpszsu,67291,область,Харківська,схід,КАБ,49.9935,36.2304,КАБи ➡️ на Харківщину зі сходу.,https://t.me/kpszsu/67291
2026-07-04T01:26:19+00:00,kpszsu,67292,область,Запорізька,,КАБ,47.8388,35.1396,КАБи ➡️ на Запорізьку та Донецьку області!,https://t.me/kpszsu/67292
2026-07-04T01:26:19+00:00,kpszsu,67292,область,Донецька,,КАБ,48.0159,37.8029,КАБи ➡️ на Запорізьку та Донецьку області!,https://t.me/kpszsu/67292
2026-07-04T02:07:05+00:00,kpszsu,67294,область,Дніпропетровська,схід,КАБ,48.4647,35.0462,КАБи ➡️ на схід Дніпропетровщини!,https://t.me/kpszsu/67294
2026-07-04T03:04:19+00:00,kpszsu,67299,область,Запорізька,,КАБ,47.8388,35.1396,КАБи ➡️ на Запорізьку область!,https://t.me/kpszsu/67299
2026-07-04T06:07:33+00:00,kpszsu,67307,область,Сумська,північ,КАБ,50.9077,34.7981,КАБи на північ Сумщини.,https://t.me/kpszsu/67307
2026-07-04T06:26:10+00:00,kpszsu,67309,область,Сумська,,КАБ,50.9077,34.7981,КАБи на Сумщину.,https://t.me/kpszsu/67309
2026-07-04T06:33:16+00:00,kpszsu,67310,область,Донецька,,КАБ,48.0159,37.8029,Пуски КАБ на Донеччину!,https://t.me/kpszsu/67310
2026-07-04T06:35:24+00:00,kpszsu,67311,область,Харківська,північ,КАБ,49.9935,36.2304,Пуски КАБ на північ Харківщини.,https://t.me/kpszsu/67311
2026-07-04T08:10:05+00:00,kpszsu,67316,область,Донецька,,КАБ,48.0159,37.8029,Пуски КАБ на Донеччині та півдні Харківщини.,https://t.me/kpszsu/67316
2026-07-04T08:10:05+00:00,kpszsu,67316,область,Харківська,південь,КАБ,49.9935,36.2304,Пуски КАБ на Донеччині та півдні Харківщини.,https://t.me/kpszsu/67316
2026-07-04T13:11:52+00:00,kpszsu,67322,область,Запорізька,,КАБ,47.8388,35.1396,Пуски КАБ на м. Запоріжжя.,https://t.me/kpszsu/67322
2026-07-04T14:00:09+00:00,kpszsu,67325,область,Запорізька,,КАБ,47.8388,35.1396,Пуски КАБ на Запоріжжі.,https://t.me/kpszsu/67325
2026-07-04T17:55:20+00:00,kpszsu,67335,область,Харківська,північ,КАБ,49.9935,36.2304,Пуски КАБ на північ Харківщини.,https://t.me/kpszsu/67335
2026-07-04T19:05:55+00:00,kpszsu,67336,область,Запорізька,,КАБ,47.8388,35.1396,Пуски КАБ на м. Запоріжжя.,https://t.me/kpszsu/67336
2026-07-04T19:12:08+00:00,kpszsu,67337,область,Запорізька,,КАБ,47.8388,35.1396,Повторні пуски КАБ на м. Запоріжжя.,https://t.me/kpszsu/67337
2026-07-05T00:12:18+00:00,kpszsu,67349,область,Сумська,північ,КАБ,50.9077,34.7981,Пуски КАБ на північ Сумщини.,https://t.me/kpszsu/67349
2026-07-05T00:56:36+00:00,kpszsu,67352,область,Харківська,,КАБ,49.9935,36.2304,Пуски КАБ на Харківщину.,https://t.me/kpszsu/67352
2026-07-05T01:59:15+00:00,kpszsu,67355,область,Запорізька,,КАБ,47.8388,35.1396,КАБи на Запоріжжі.,https://t.me/kpszsu/67355
2026-07-05T03:10:36+00:00,kpszsu,67358,область,Запорізька,,КАБ,47.8388,35.1396,КАБи на Запоріжжі та Донеччині.,https://t.me/kpszsu/67358
2026-07-05T03:10:36+00:00,kpszsu,67358,область,Донецька,,КАБ,48.0159,37.8029,КАБи на Запоріжжі та Донеччині.,https://t.me/kpszsu/67358
2026-07-05T05:57:41+00:00,kpszsu,67369,область,Сумська,,КАБ,50.9077,34.7981,КАБи на Сумщину.,https://t.me/kpszsu/67369
2026-07-05T06:39:58+00:00,kpszsu,67370,область,Харківська,північ,КАБ,49.9935,36.2304,КАБи на північ Харківщини.,https://t.me/kpszsu/67370
2026-07-05T08:23:13+00:00,kpszsu,67383,область,Дніпропетровська,,КАБ,48.4647,35.0462,"КАБи на Дніпропетровщину, Харківщину, Донеччину.",https://t.me/kpszsu/67383
2026-07-05T08:23:13+00:00,kpszsu,67383,область,Харківська,,КАБ,49.9935,36.2304,"КАБи на Дніпропетровщину, Харківщину, Донеччину.",https://t.me/kpszsu/67383
2026-07-05T08:23:13+00:00,kpszsu,67383,область,Донецька,,КАБ,48.0159,37.8029,"КАБи на Дніпропетровщину, Харківщину, Донеччину.",https://t.me/kpszsu/67383
2026-07-05T10:41:02+00:00,kpszsu,67396,область,Харківська,північ,КАБ,49.9935,36.2304,КАБи на північ Харківщини.,https://t.me/kpszsu/67396
2026-07-05T13:33:09+00:00,kpszsu,67405,область,Дніпропетровська,,КАБ,48.4647,35.0462,КАБи на Дніпропетровщину.,https://t.me/kpszsu/67405
2026-07-05T13:45:49+00:00,kpszsu,67407,область,Запорізька,,КАБ,47.8388,35.1396,КАБи на Запорізьку область.,https://t.me/kpszsu/67407
2026-07-05T14:07:42+00:00,kpszsu,67413,область,Запорізька,південь,КАБ,47.8388,35.1396,КАБ у напрямку м. Запоріжжя з півдня.,https://t.me/kpszsu/67413
2026-07-05T14:15:19+00:00,kpszsu,67416,область,Запорізька,південь,КАБ,47.8388,35.1396,КАБ у напрямку м. Запоріжжя з півдня.,https://t.me/kpszsu/67416
2026-07-05T18:50:15+00:00,kpszsu,67432,область,Дніпропетровська,,КАБ,48.4647,35.0462,КАБи на Дніпропетровщину.,https://t.me/kpszsu/67432
2026-07-06T00:39:56+00:00,kpszsu,67480,область,Сумська,,КАБ,50.9077,34.7981,КАБи на Сумщину та Донеччину.,https://t.me/kpszsu/67480
2026-07-06T00:39:56+00:00,kpszsu,67480,область,Донецька,,КАБ,48.0159,37.8029,КАБи на Сумщину та Донеччину.,https://t.me/kpszsu/67480
2026-07-06T01:53:38+00:00,kpszsu,67488,область,Запорізька,,КАБ,47.8388,35.1396,Пуски КАБ на Запоріжжі.,https://t.me/kpszsu/67488
2026-07-06T06:16:45+00:00,kpszsu,67508,область,Харківська,,КАБ,49.9935,36.2304,КАБи на Харківщину.,https://t.me/kpszsu/67508
2026-07-06T07:40:08+00:00,kpszsu,67516,область,Херсонська,,КАБ,46.6354,32.6169,КАБи на Херсонщину!,https://t.me/kpszsu/67516
2026-07-06T07:54:00+00:00,kpszsu,67518,область,Донецька,,КАБ,48.0159,37.8029,КАБи на Донеччину!,https://t.me/kpszsu/67518
2026-07-06T08:09:37+00:00,kpszsu,67520,область,Херсонська,,КАБ,46.6354,32.6169,КАБи на Херсонщину та Запорізьку область!,https://t.me/kpszsu/67520
2026-07-06T08:09:37+00:00,kpszsu,67520,область,Запорізька,,КАБ,47.8388,35.1396,КАБи на Херсонщину та Запорізьку область!,https://t.me/kpszsu/67520
2026-07-06T08:32:06+00:00,kpszsu,67522,область,Дніпропетровська,,КАБ,48.4647,35.0462,КАБи на Дніпропетровщину!,https://t.me/kpszsu/67522
2026-07-06T09:28:19+00:00,kpszsu,67526,область,Запорізька,,КАБ,47.8388,35.1396,КАБи на Запорізьку область!,https://t.me/kpszsu/67526
2026-07-06T11:57:23+00:00,kpszsu,67534,область,Харківська,схід,КАБ,49.9935,36.2304,КАБи на північний схід Харківщини!,https://t.me/kpszsu/67534
2026-07-06T12:24:56+00:00,kpszsu,67537,область,Донецька,,КАБ,48.0159,37.8029,КАБи на Донеччину!,https://t.me/kpszsu/67537
2026-07-06T12:57:56+00:00,kpszsu,67545,область,Харківська,схід,КАБ,49.9935,36.2304,КАБи на північ та схід Харківщини!,https://t.me/kpszsu/67545
2026-07-06T13:17:03+00:00,kpszsu,67547,область,Херсонська,,КАБ,46.6354,32.6169,КАБи на Херсонщину!,https://t.me/kpszsu/67547
2026-07-06T13:18:07+00:00,kpszsu,67548,область,Донецька,,КАБ,48.0159,37.8029,КАБи на Донеччину!,https://t.me/kpszsu/67548
2026-07-06T13:43:43+00:00,kpszsu,67551,область,Дніпропетровська,,КАБ,48.4647,35.0462,КАБи на Дніпропетровщину!,https://t.me/kpszsu/67551
2026-07-06T14:05:28+00:00,kpszsu,67553,область,Запорізька,,КАБ,47.8388,35.1396,КАБи на Запорізьку область!,https://t.me/kpszsu/67553
2026-07-06T17:48:48+00:00,kpszsu,67570,область,Сумська,,БпЛА|КАБ,50.9077,34.7981,Пуск КАБ на Сумщину та реактивні БпЛА на північ Сумської області.,https://t.me/kpszsu/67570
2026-07-06T17:48:48+00:00,kpszsu,67570,область,Сумська,північ,БпЛА|КАБ,50.9077,34.7981,Пуск КАБ на Сумщину та реактивні БпЛА на північ Сумської області.,https://t.me/kpszsu/67570
2026-07-06T18:24:18+00:00,kpszsu,67573,область,Харківська,північ,КАБ,49.9935,36.2304,Пуск КАБ на північ Харківщини.,https://t.me/kpszsu/67573
2026-07-06T18:27:17+00:00,kpszsu,67574,область,Донецька,,КАБ,48.0159,37.8029,Пуск КАБ на Донеччині.,https://t.me/kpszsu/67574
2026-07-06T18:47:53+00:00,kpszsu,67577,область,Запорізька,,КАБ,47.8388,35.1396,Пуск КАБ на Запорізьку область.,https://t.me/kpszsu/67577
2026-07-06T18:57:51+00:00,kpszsu,67578,область,Запорізька,,КАБ,47.8388,35.1396,Пуск КАБ на Запорізьку область.,https://t.me/kpszsu/67578
2026-07-06T19:35:47+00:00,kpszsu,67580,область,Донецька,,КАБ,48.0159,37.8029,Пуск КАБ на Донеччину.,https://t.me/kpszsu/67580
2026-07-06T20:21:52+00:00,kpszsu,67592,область,Дніпропетровська,схід,КАБ,48.4647,35.0462,Пуск КАБ на південно-східний напрямок Дніпропетровщини.,https://t.me/kpszsu/67592
2026-07-07T00:25:47+00:00,kpszsu,67611,область,Сумська,північ,КАБ,50.9077,34.7981,КАБи на півночі Сумщини.,https://t.me/kpszsu/67611
2026-07-07T00:40:59+00:00,kpszsu,67613,область,Донецька,,КАБ,48.0159,37.8029,КАБи на Донеччині,https://t.me/kpszsu/67613
2026-07-07T00:49:30+00:00,kpszsu,67614,область,Харківська,північ,КАБ,49.9935,36.2304,КАБи на півночі Харківщини,https://t.me/kpszsu/67614
2026-07-07T01:40:07+00:00,kpszsu,67615,область,Запорізька,,КАБ,47.8388,35.1396,КАБи на Запоріжжі,https://t.me/kpszsu/67615
2026-07-07T02:02:36+00:00,kpszsu,67618,область,Дніпропетровська,,КАБ,48.4647,35.0462,КАБи на Дніпропетровщині,https://t.me/kpszsu/67618
2026-07-07T04:58:37+00:00,kpszsu,67628,область,Запорізька,,КАБ,47.8388,35.1396,КАБи на Запоріжжі,https://t.me/kpszsu/67628
2026-07-07T06:25:07+00:00,kpszsu,67637,область,Дніпропетровська,схід,КАБ,48.4647,35.0462,КАБ курсом на схід Дніпропетровщини з Донеччини.,https://t.me/kpszsu/67637
2026-07-07T06:43:33+00:00,kpszsu,67640,область,Харківська,,КАБ,49.9935,36.2304,КАБи на межі Харківщини та Сумщини.,https://t.me/kpszsu/67640
2026-07-07T06:43:33+00:00,kpszsu,67640,область,Сумська,,КАБ,50.9077,34.7981,КАБи на межі Харківщини та Сумщини.,https://t.me/kpszsu/67640
2026-07-07T06:58:52+00:00,kpszsu,67643,область,Харківська,північ,КАБ,49.9935,36.2304,КАБи на північ Харківщини.,https://t.me/kpszsu/67643
2026-07-07T07:17:01+00:00,kpszsu,67645,область,Донецька,,КАБ,48.0159,37.8029,Пуск КАБ на Донеччину.,https://t.me/kpszsu/67645
2026-07-07T11:26:05+00:00,kpszsu,67650,область,Харківська,північ,КАБ,49.9935,36.2304,КАБи на північ Харківщини.,https://t.me/kpszsu/67650
2026-07-07T12:27:59+00:00,kpszsu,67654,область,Харківська,,КАБ,49.9935,36.2304,КАБи на Харківщину.,https://t.me/kpszsu/67654
2026-07-07T12:38:45+00:00,kpszsu,67655,область,Донецька,,КАБ,48.0159,37.8029,КАБи на Донеччину.,https://t.me/kpszsu/67655
2026-07-07T13:18:36+00:00,kpszsu,67657,область,Запорізька,,КАБ,47.8388,35.1396,КАБи на Запоріжжі.,https://t.me/kpszsu/67657
2026-07-07T18:12:43+00:00,kpszsu,67668,область,Харківська,північ,КАБ,49.9935,36.2304,КАБи на північ Харківщини.,https://t.me/kpszsu/67668
2026-07-07T18:19:13+00:00,kpszsu,67669,область,Донецька,,КАБ,48.0159,37.8029,КАБи на Донеччину.,https://t.me/kpszsu/67669
2026-07-07T19:02:10+00:00,kpszsu,67670,область,Херсонська,,КАБ,46.6354,32.6169,КАБи ➡️ на Херсонщину.,https://t.me/kpszsu/67670
2026-07-07T19:42:11+00:00,kpszsu,67671,область,Запорізька,,КАБ,47.8388,35.1396,КАБи на Запоріжжі.,https://t.me/kpszsu/67671
2026-07-07T20:23:00+00:00,kpszsu,67672,область,Дніпропетровська,,КАБ,48.4647,35.0462,КАБи на Дніпропетровщину.,https://t.me/kpszsu/67672
2026-07-07T21:08:17+00:00,kpszsu,67676,область,Запорізька,,КАБ,47.8388,35.1396,КАБи на Запоріжжі.,https://t.me/kpszsu/67676
2026-07-08T00:26:58+00:00,kpszsu,67689,область,Харківська,,КАБ,49.9935,36.2304,Пуски КАБ на Харківщину та Донеччину,https://t.me/kpszsu/67689
2026-07-08T00:26:58+00:00,kpszsu,67689,область,Донецька,,КАБ,48.0159,37.8029,Пуски КАБ на Харківщину та Донеччину,https://t.me/kpszsu/67689
2026-07-08T01:13:26+00:00,kpszsu,67692,область,Запорізька,,КАБ,47.8388,35.1396,Пуски КАБ на Запоріжжі.,https://t.me/kpszsu/67692
2026-07-08T01:35:23+00:00,kpszsu,67695,область,Донецька,,КАБ,48.0159,37.8029,"Пуски КАБ на Донеччині, курсом на Дніпропетровщину.",https://t.me/kpszsu/67695
2026-07-08T01:35:23+00:00,kpszsu,67695,область,Дніпропетровська,,КАБ,48.4647,35.0462,"Пуски КАБ на Донеччині, курсом на Дніпропетровщину.",https://t.me/kpszsu/67695
2026-07-08T01:40:39+00:00,kpszsu,67696,область,Запорізька,,КАБ,47.8388,35.1396,КАБи на Запоріжжя.,https://t.me/kpszsu/67696
2026-07-08T02:01:32+00:00,kpszsu,67698,область,Запорізька,,КАБ,47.8388,35.1396,КАБи на Запоріжжя.,https://t.me/kpszsu/67698
2026-07-08T03:06:51+00:00,kpszsu,67705,область,Запорізька,,КАБ,47.8388,35.1396,КАБи на Запоріжжі.,https://t.me/kpszsu/67705
2026-07-08T05:48:52+00:00,kpszsu,67710,область,Сумська,,КАБ,50.9077,34.7981,КАБи на Сумщину.,https://t.me/kpszsu/67710
2026-07-08T06:51:55+00:00,kpszsu,67715,область,Харківська,,КАБ,49.9935,36.2304,КАБи на Харківщині,https://t.me/kpszsu/67715
2026-07-08T07:03:38+00:00,kpszsu,67716,область,Донецька,,КАБ,48.0159,37.8029,КАБи ➡️ на Донеччину.,https://t.me/kpszsu/67716
2026-07-08T07:49:16+00:00,kpszsu,67722,область,Дніпропетровська,схід,КАБ,48.4647,35.0462,КАБи ➡️ на схід Дніпропетровщини!,https://t.me/kpszsu/67722
2026-07-08T07:59:28+00:00,kpszsu,67724,область,Донецька,,КАБ,48.0159,37.8029,КАБи ➡️ на Донеччину.,https://t.me/kpszsu/67724
2026-07-08T08:13:52+00:00,kpszsu,67726,область,Запорізька,,КАБ,47.8388,35.1396,КАБи ➡️ на Запорізьку область.,https://t.me/kpszsu/67726
2026-07-08T08:42:31+00:00,kpszsu,67734,область,Запорізька,,КАБ,47.8388,35.1396,КАБи ➡️ на Запорізьку область.,https://t.me/kpszsu/67734
2026-07-08T12:12:04+00:00,kpszsu,67756,область,Сумська,,КАБ,50.9077,34.7981,КАБи на Сумщині,https://t.me/kpszsu/67756
2026-07-08T12:43:47+00:00,kpszsu,67759,область,Донецька,,КАБ,48.0159,37.8029,КАБи на Донеччині.,https://t.me/kpszsu/67759
2026-07-08T14:43:02+00:00,kpszsu,67774,область,Дніпропетровська,схід,КАБ,48.4647,35.0462,КАБи на схід Дніпропетровщини!,https://t.me/kpszsu/67774
2026-07-08T14:55:17+00:00,kpszsu,67776,область,Запорізька,,КАБ,47.8388,35.1396,КАБи ➡️ на Запорізьку область!,https://t.me/kpszsu/67776
2026-07-08T17:54:44+00:00,kpszsu,67793,область,Сумська,,КАБ,50.9077,34.7981,КАБи на Сумщині.,https://t.me/kpszsu/67793
2026-07-08T18:04:47+00:00,kpszsu,67794,область,Донецька,,КАБ,48.0159,37.8029,КАБи на Донеччині,https://t.me/kpszsu/67794
2026-07-08T18:55:34+00:00,kpszsu,67796,область,Запорізька,,КАБ,47.8388,35.1396,КАБи на Запоріжжі,https://t.me/kpszsu/67796
2026-07-09T01:11:52+00:00,kpszsu,67825,область,Донецька,,КАБ,48.0159,37.8029,КАБи ➡️ на Донеччину!,https://t.me/kpszsu/67825
2026-07-09T01:14:43+00:00,kpszsu,67826,область,Харківська,схід,КАБ,49.9935,36.2304,КАБи ➡️ на Харківщину зі сходу!,https://t.me/kpszsu/67826
2026-07-09T01:47:55+00:00,kpszsu,67830,область,Запорізька,,КАБ,47.8388,35.1396,Пуски КАБ ➡️ на Запорізьку область!,https://t.me/kpszsu/67830
2026-07-09T01:51:30+00:00,kpszsu,67831,область,Запорізька,,КАБ,47.8388,35.1396,КАБ ➡️ у напрямку м.Запоріжжя!,https://t.me/kpszsu/67831
2026-07-09T02:26:12+00:00,kpszsu,67836,область,Дніпропетровська,схід,КАБ,48.4647,35.0462,КАБи ➡️ на схід Дніпропетровщини!,https://t.me/kpszsu/67836
2026-07-09T02:30:59+00:00,kpszsu,67837,область,Запорізька,,КАБ,47.8388,35.1396,КАБи ➡️ на Запорізьку область!,https://t.me/kpszsu/67837
2026-07-09T03:03:45+00:00,kpszsu,67844,область,Запорізька,,КАБ,47.8388,35.1396,КАБи ➡️ на Запорізьку область!,https://t.me/kpszsu/67844
2026-07-09T06:38:00+00:00,kpszsu,67869,область,Харківська,північ,КАБ,49.9935,36.2304,Пуски КАБ ➡️ на північ Харківщини!,https://t.me/kpszsu/67869
2026-07-09T07:27:22+00:00,kpszsu,67871,область,Херсонська,,КАБ,46.6354,32.6169,Пуски КАБ на Херсон.,https://t.me/kpszsu/67871
2026-07-09T08:32:45+00:00,kpszsu,67873,область,Дніпропетровська,,КАБ,48.4647,35.0462,Пуски КАБ на Дніпропетровщину!,https://t.me/kpszsu/67873
2026-07-09T11:53:40+00:00,kpszsu,67882,область,Сумська,,КАБ,50.9077,34.7981,Пуски КАБ на Сумщину.,https://t.me/kpszsu/67882
2026-07-09T12:24:45+00:00,kpszsu,67883,область,Харківська,,КАБ,49.9935,36.2304,Пуски КАБ на Харківщину та Донеччину.,https://t.me/kpszsu/67883
2026-07-09T12:24:45+00:00,kpszsu,67883,область,Донецька,,КАБ,48.0159,37.8029,Пуски КАБ на Харківщину та Донеччину.,https://t.me/kpszsu/67883
2026-07-09T18:54:43+00:00,kpszsu,67892,область,Запорізька,,КАБ,47.8388,35.1396,Пуски КАБ на Запоріжжя та Харківщину.,https://t.me/kpszsu/67892
2026-07-09T18:54:43+00:00,kpszsu,67892,область,Харківська,,КАБ,49.9935,36.2304,Пуски КАБ на Запоріжжя та Харківщину.,https://t.me/kpszsu/67892
2026-07-09T23:07:44+00:00,kpszsu,67906,область,Сумська,,КАБ,50.9077,34.7981,Пуски КАБ на Сумщину.,https://t.me/kpszsu/67906
2026-07-10T00:42:36+00:00,kpszsu,67912,область,Донецька,,КАБ,48.0159,37.8029,КАБи ➡️ на Донеччину!,https://t.me/kpszsu/67912
2026-07-10T02:50:30+00:00,kpszsu,67919,область,Запорізька,,КАБ,47.8388,35.1396,КАБи ➡️ на Запорізьку область.,https://t.me/kpszsu/67919
2026-07-10T03:21:10+00:00,kpszsu,67921,область,Запорізька,,КАБ,47.8388,35.1396,КАБи ➡️ на Запорізьку область.,https://t.me/kpszsu/67921
2026-07-10T05:38:21+00:00,kpszsu,67925,область,Сумська,,КАБ,50.9077,34.7981,Пуски КАБ на Сумщину.,https://t.me/kpszsu/67925
2026-07-10T06:45:25+00:00,kpszsu,67927,область,Донецька,,КАБ,48.0159,37.8029,КАБи на Донеччину.,https://t.me/kpszsu/67927
2026-07-10T07:27:13+00:00,kpszsu,67932,область,Донецька,,КАБ,48.0159,37.8029,КАБи на Донеччину та Сумщину.,https://t.me/kpszsu/67932
2026-07-10T07:27:13+00:00,kpszsu,67932,область,Сумська,,КАБ,50.9077,34.7981,КАБи на Донеччину та Сумщину.,https://t.me/kpszsu/67932
2026-07-10T07:48:22+00:00,kpszsu,67933,область,Запорізька,,КАБ,47.8388,35.1396,КАБи на Запоріжжі.,https://t.me/kpszsu/67933
2026-07-10T07:53:20+00:00,kpszsu,67934,область,Запорізька,,КАБ,47.8388,35.1396,КАБи на Запоріжжі.,https://t.me/kpszsu/67934
2026-07-10T08:04:07+00:00,kpszsu,67936,область,Дніпропетровська,схід,БпЛА|КАБ,48.4647,35.0462,КАБ на схід Дніпропетровщини.,https://t.me/kpszsu/67936
2026-07-10T08:34:23+00:00,kpszsu,67939,область,Запорізька,,КАБ,47.8388,35.1396,КАБи на Запоріжжі.,https://t.me/kpszsu/67939
2026-07-10T12:02:40+00:00,kpszsu,67944,область,Донецька,,КАБ,48.0159,37.8029,Пуск КАБ на Донеччині.,https://t.me/kpszsu/67944
2026-07-10T12:15:33+00:00,kpszsu,67945,область,Сумська,,КАБ,50.9077,34.7981,Пуски КАБ на Сумщину.,https://t.me/kpszsu/67945
2026-07-10T12:40:57+00:00,kpszsu,67948,область,Запорізька,,КАБ,47.8388,35.1396,Пуски КАБ на Запоріжжі.,https://t.me/kpszsu/67948
2026-07-10T12:43:30+00:00,kpszsu,67949,область,Запорізька,,КАБ,47.8388,35.1396,КАБи у напрямку м. Запоріжжя.,https://t.me/kpszsu/67949
2026-07-10T12:52:30+00:00,kpszsu,67950,область,Запорізька,,КАБ,47.8388,35.1396,Ще КАБи у напрямку м. Запоріжжя.,https://t.me/kpszsu/67950
2026-07-10T13:25:04+00:00,kpszsu,67951,область,Дніпропетровська,,КАБ,48.4647,35.0462,Дніпропетровщина: КАБ на Васильківку.,https://t.me/kpszsu/67951
2026-07-10T13:37:27+00:00,kpszsu,67953,область,Сумська,,КАБ,50.9077,34.7981,Пуски КАБ на Сумщину та Запоріжжя.,https://t.me/kpszsu/67953
2026-07-10T13:37:27+00:00,kpszsu,67953,область,Запорізька,,КАБ,47.8388,35.1396,Пуски КАБ на Сумщину та Запоріжжя.,https://t.me/kpszsu/67953
2026-07-10T17:50:58+00:00,kpszsu,67965,область,Сумська,,КАБ,50.9077,34.7981,КАБи на Сумщину.,https://t.me/kpszsu/67965
2026-07-10T17:54:33+00:00,kpszsu,67966,область,Харківська,,КАБ,49.9935,36.2304,КАБи на Харківщину.,https://t.me/kpszsu/67966
2026-07-10T18:51:44+00:00,kpszsu,67968,область,Дніпропетровська,,КАБ,48.4647,35.0462,КАБи на Дніпропетровщину.,https://t.me/kpszsu/67968
2026-07-10T20:20:04+00:00,kpszsu,67969,область,Запорізька,,КАБ,47.8388,35.1396,КАБи на Запоріжжі.,https://t.me/kpszsu/67969
2026-07-10T23:46:12+00:00,kpszsu,67976,область,Сумська,,КАБ,50.9077,34.7981,КАБи на Сумщину.,https://t.me/kpszsu/67976
2026-07-10T23:52:06+00:00,kpszsu,67977,область,Донецька,,КАБ,48.0159,37.8029,КАБи на Донеччину.,https://t.me/kpszsu/67977
2026-07-11T00:08:20+00:00,kpszsu,67978,область,Харківська,північ,КАБ,49.9935,36.2304,КАБи на північ Харківщини.,https://t.me/kpszsu/67978
2026-07-11T01:33:47+00:00,kpszsu,67987,область,Запорізька,,КАБ,47.8388,35.1396,Пуски КАБ на Запоріжжі.,https://t.me/kpszsu/67987
2026-07-11T01:52:56+00:00,kpszsu,67990,область,Запорізька,,БпЛА|КАБ,47.8388,35.1396,Запоріжжя: БпЛА та КАБ на Комишуваху,https://t.me/kpszsu/67990
2026-07-11T01:53:59+00:00,kpszsu,67991,область,Дніпропетровська,схід,КАБ,48.4647,35.0462,Пуски КАБ на схід Дніпропетровщини.,https://t.me/kpszsu/67991
2026-07-11T06:03:03+00:00,kpszsu,68012,область,Харківська,північ,КАБ,49.9935,36.2304,Пуски КАБ на північ Харківщини.,https://t.me/kpszsu/68012
2026-07-11T06:04:48+00:00,kpszsu,68013,область,Донецька,,КАБ,48.0159,37.8029,Пуски КАБ на Донеччину.,https://t.me/kpszsu/68013
2026-07-11T06:10:30+00:00,kpszsu,68014,область,Харківська,схід,КАБ,49.9935,36.2304,КАБи н схід Харківщини!,https://t.me/kpszsu/68014
2026-07-11T06:31:42+00:00,kpszsu,68018,область,Харківська,схід,БпЛА|КАБ,49.9935,36.2304,КАБи на північний схід  Харківщини!,https://t.me/kpszsu/68018
2026-07-11T06:49:32+00:00,kpszsu,68022,область,Донецька,,КАБ,48.0159,37.8029,КАБи на Донеччину!,https://t.me/kpszsu/68022
2026-07-11T07:05:32+00:00,kpszsu,68024,область,Харківська,схід,КАБ,49.9935,36.2304,КАБи на північний схід  Харківщини та Донеччину!,https://t.me/kpszsu/68024
2026-07-11T07:05:32+00:00,kpszsu,68024,область,Донецька,,КАБ,48.0159,37.8029,КАБи на північний схід  Харківщини та Донеччину!,https://t.me/kpszsu/68024
2026-07-11T07:54:22+00:00,kpszsu,68029,область,Дніпропетровська,,КАБ,48.4647,35.0462,КАБи на Дніпропетровщину та Донеччину!,https://t.me/kpszsu/68029
2026-07-11T07:54:22+00:00,kpszsu,68029,область,Донецька,,КАБ,48.0159,37.8029,КАБи на Дніпропетровщину та Донеччину!,https://t.me/kpszsu/68029
2026-07-11T09:11:54+00:00,kpszsu,68036,область,Дніпропетровська,,КАБ,48.4647,35.0462,КАБи на Дніпропетровщину!,https://t.me/kpszsu/68036
2026-07-11T11:26:36+00:00,kpszsu,68043,область,Сумська,,КАБ,50.9077,34.7981,КАБи на Сумщину.,https://t.me/kpszsu/68043
2026-07-11T11:47:08+00:00,kpszsu,68044,область,Харківська,,КАБ,49.9935,36.2304,КАБи на Харківщину.,https://t.me/kpszsu/68044
2026-07-11T13:07:45+00:00,kpszsu,68053,область,Дніпропетровська,,КАБ,48.4647,35.0462,КАБи на Дніпропетровщину!,https://t.me/kpszsu/68053
2026-07-11T13:44:35+00:00,kpszsu,68059,область,Дніпропетровська,,КАБ,48.4647,35.0462,КАБи на Дніпропетровщину!,https://t.me/kpszsu/68059
2026-07-11T13:48:50+00:00,kpszsu,68060,область,Херсонська,,КАБ,46.6354,32.6169,КАБи на Херсонщину!,https://t.me/kpszsu/68060
2026-07-11T13:51:35+00:00,kpszsu,68061,область,Дніпропетровська,,КАБ,48.4647,35.0462,КАБи на Дніпропетровщину!,https://t.me/kpszsu/68061
2026-07-11T14:03:16+00:00,kpszsu,68063,область,Запорізька,,КАБ,47.8388,35.1396,КАБи на Запорізьку область!,https://t.me/kpszsu/68063
2026-07-11T14:09:34+00:00,kpszsu,68065,область,Запорізька,,КАБ,47.8388,35.1396,КАБи на Запорізьку область!,https://t.me/kpszsu/68065
2026-07-11T14:29:53+00:00,kpszsu,68067,область,Дніпропетровська,,КАБ,48.4647,35.0462,КАБи на Дніпропетровщину!,https://t.me/kpszsu/68067
2026-07-11T17:42:21+00:00,kpszsu,68088,область,Харківська,схід,КАБ,49.9935,36.2304,КАБи на північний схід Харківщини!,https://t.me/kpszsu/68088
2026-07-11T18:06:49+00:00,kpszsu,68091,область,Харківська,схід,КАБ,49.9935,36.2304,КАБи на північний схід Харківщини!,https://t.me/kpszsu/68091
2026-07-11T18:21:19+00:00,kpszsu,68093,область,Харківська,схід,КАБ,49.9935,36.2304,КАБи на північний схід Харківщини!,https://t.me/kpszsu/68093
2026-07-11T19:25:07+00:00,kpszsu,68096,область,Запорізька,,КАБ,47.8388,35.1396,КАБи на Запоріжжя.,https://t.me/kpszsu/68096
2026-07-11T20:48:56+00:00,kpszsu,68103,область,Запорізька,,КАБ,47.8388,35.1396,КАБи на Запоріжжя.,https://t.me/kpszsu/68103
2026-07-12T00:09:01+00:00,kpszsu,68115,область,Дніпропетровська,,КАБ,48.4647,35.0462,КАБи на Дніпропетровщину!,https://t.me/kpszsu/68115
2026-07-12T00:25:04+00:00,kpszsu,68117,область,Сумська,схід,КАБ,50.9077,34.7981,КАБи на схід Сумщини!,https://t.me/kpszsu/68117
2026-07-12T00:33:43+00:00,kpszsu,68120,область,Харківська,схід,БпЛА|КАБ,49.9935,36.2304,КАБи на північний схід Харківщини!,https://t.me/kpszsu/68120
2026-07-12T01:24:47+00:00,kpszsu,68124,область,Харківська,схід,КАБ,49.9935,36.2304,КАБи на схід Харківщини!,https://t.me/kpszsu/68124
2026-07-12T01:38:00+00:00,kpszsu,68125,область,Запорізька,,КАБ,47.8388,35.1396,КАБи на Запорізьку область та Донеччину!,https://t.me/kpszsu/68125
2026-07-12T01:38:00+00:00,kpszsu,68125,область,Донецька,,КАБ,48.0159,37.8029,КАБи на Запорізьку область та Донеччину!,https://t.me/kpszsu/68125
2026-07-12T02:15:11+00:00,kpszsu,68128,область,Запорізька,,КАБ,47.8388,35.1396,КАБи на Запорізьку область!,https://t.me/kpszsu/68128
2026-07-12T02:26:46+00:00,kpszsu,68130,область,Харківська,схід,КАБ,49.9935,36.2304,КАБи на південний схід Харківщини!,https://t.me/kpszsu/68130
2026-07-12T02:33:06+00:00,kpszsu,68134,область,Запорізька,,КАБ,47.8388,35.1396,КАБи на Запоріжжя!,https://t.me/kpszsu/68134
2026-07-12T03:01:13+00:00,kpszsu,68138,область,Запорізька,,БпЛА|КАБ,47.8388,35.1396,КАБи на Запорізьку область!,https://t.me/kpszsu/68138
2026-07-12T04:09:17+00:00,kpszsu,68142,область,Запорізька,,КАБ,47.8388,35.1396,КАБи на Запорізьку область!,https://t.me/kpszsu/68142
2026-07-12T06:02:16+00:00,kpszsu,68151,область,Дніпропетровська,,КАБ,48.4647,35.0462,КАБи на Дніпропетровщину!,https://t.me/kpszsu/68151
2026-07-12T06:16:58+00:00,kpszsu,68152,область,Сумська,,КАБ,50.9077,34.7981,КАБи на Сумщину.,https://t.me/kpszsu/68152
2026-07-12T07:29:40+00:00,kpszsu,68154,область,Харківська,схід,БпЛА|КАБ,49.9935,36.2304,КАБи на схід Харківщини!,https://t.me/kpszsu/68154
2026-07-12T17:54:38+00:00,kpszsu,68218,область,Донецька,,КАБ,48.0159,37.8029,КАБи на Донеччину!,https://t.me/kpszsu/68218
2026-07-12T18:03:19+00:00,kpszsu,68219,область,Харківська,північ,КАБ,49.9935,36.2304,КАБи на північ Харківщини.,https://t.me/kpszsu/68219
2026-07-12T23:56:24+00:00,kpszsu,68260,область,Дніпропетровська,схід,КАБ,48.4647,35.0462,Пуски КАБ на схід Дніпропетровщини!,https://t.me/kpszsu/68260
2026-07-13T06:28:04+00:00,kpszsu,68284,область,Сумська,,КАБ,50.9077,34.7981,КАБи на Сумщину.,https://t.me/kpszsu/68284
2026-07-13T06:58:55+00:00,kpszsu,68287,область,Херсонська,,КАБ,46.6354,32.6169,Пуски КАБ на Херсонщині.,https://t.me/kpszsu/68287
2026-07-13T07:00:23+00:00,kpszsu,68288,область,Херсонська,,КАБ,46.6354,32.6169,КАБ на Херсон.,https://t.me/kpszsu/68288
2026-07-13T07:08:47+00:00,kpszsu,68290,область,Херсонська,,КАБ,46.6354,32.6169,КАБи на Херсон.,https://t.me/kpszsu/68290
2026-07-13T07:24:47+00:00,kpszsu,68293,область,Харківська,,КАБ,49.9935,36.2304,КАБи на Ізюм.,https://t.me/kpszsu/68293
2026-07-13T07:31:38+00:00,kpszsu,68295,область,Запорізька,,КАБ,47.8388,35.1396,КАБи на Запорізьку область.,https://t.me/kpszsu/68295
2026-07-13T07:34:23+00:00,kpszsu,68296,область,Запорізька,,КАБ,47.8388,35.1396,КАБ у напрямку м. Запоріжжя.,https://t.me/kpszsu/68296
2026-07-13T08:16:11+00:00,kpszsu,68300,область,Дніпропетровська,,КАБ,48.4647,35.0462,КАБи на Дніпропетровщину.,https://t.me/kpszsu/68300
2026-07-13T08:58:56+00:00,kpszsu,68302,область,Запорізька,,КАБ,47.8388,35.1396,КАБи на Запорізьку область.,https://t.me/kpszsu/68302
2026-07-13T12:09:13+00:00,kpszsu,68310,область,Донецька,,КАБ,48.0159,37.8029,КАБи на Донеччину.,https://t.me/kpszsu/68310
2026-07-13T12:32:58+00:00,kpszsu,68316,область,Херсонська,,КАБ,46.6354,32.6169,Пуски КАБ на Херсонщині.,https://t.me/kpszsu/68316
2026-07-13T12:40:55+00:00,kpszsu,68317,область,Харківська,північ,КАБ,49.9935,36.2304,Пуски КАБ на північ Харківщини.,https://t.me/kpszsu/68317
2026-07-13T13:01:29+00:00,kpszsu,68319,область,Запорізька,,КАБ,47.8388,35.1396,КАБи на Запорізьку область.,https://t.me/kpszsu/68319
2026-07-13T13:02:57+00:00,kpszsu,68320,область,Харківська,,КАБ,49.9935,36.2304,Харків - КАБи в напрямку міста!,https://t.me/kpszsu/68320
2026-07-13T13:06:01+00:00,kpszsu,68321,область,Запорізька,,КАБ,47.8388,35.1396,Запоріжжя - КАБи в напрямку міста!,https://t.me/kpszsu/68321
2026-07-13T13:28:53+00:00,kpszsu,68324,область,Сумська,,КАБ,50.9077,34.7981,КАБи на Сумщину.,https://t.me/kpszsu/68324
2026-07-13T13:49:50+00:00,kpszsu,68326,область,Запорізька,,КАБ,47.8388,35.1396,КАБи на Запорізьку та Дніпропетровську області.,https://t.me/kpszsu/68326
2026-07-13T13:49:50+00:00,kpszsu,68326,область,Дніпропетровська,,КАБ,48.4647,35.0462,КАБи на Запорізьку та Дніпропетровську області.,https://t.me/kpszsu/68326
2026-07-13T17:59:33+00:00,kpszsu,68339,область,Донецька,,КАБ,48.0159,37.8029,КАБи на Донеччину.,https://t.me/kpszsu/68339
2026-07-13T18:01:58+00:00,kpszsu,68340,область,Харківська,,КАБ,49.9935,36.2304,КАБи на Харківщину.,https://t.me/kpszsu/68340
2026-07-13T18:15:56+00:00,kpszsu,68344,область,Сумська,,КАБ,50.9077,34.7981,КАБи на  Сумщину.,https://t.me/kpszsu/68344
2026-07-13T18:42:18+00:00,kpszsu,68346,область,Донецька,,КАБ,48.0159,37.8029,КАБи на Донеччину.,https://t.me/kpszsu/68346
2026-07-13T18:54:02+00:00,kpszsu,68347,область,Запорізька,,КАБ,47.8388,35.1396,КАБи на Запорізьку область.,https://t.me/kpszsu/68347
2026-07-13T19:28:24+00:00,kpszsu,68350,область,Дніпропетровська,,КАБ,48.4647,35.0462,КАБи на Дніпропетровщину.,https://t.me/kpszsu/68350
2026-07-13T23:53:06+00:00,kpszsu,68369,область,Донецька,,КАБ,48.0159,37.8029,КАБи на Донеччину.,https://t.me/kpszsu/68369
2026-07-14T00:20:08+00:00,kpszsu,68371,область,Харківська,схід,КАБ,49.9935,36.2304,Пуски КАБ на північний схід Харківщини та схід Дніпропетровщини.,https://t.me/kpszsu/68371
2026-07-14T00:20:08+00:00,kpszsu,68371,область,Дніпропетровська,схід,КАБ,48.4647,35.0462,Пуски КАБ на північний схід Харківщини та схід Дніпропетровщини.,https://t.me/kpszsu/68371
2026-07-14T01:32:43+00:00,kpszsu,68375,область,Запорізька,,КАБ,47.8388,35.1396,Пуски КАБ на Запоріжжі.,https://t.me/kpszsu/68375
2026-07-14T01:45:47+00:00,kpszsu,68376,область,Запорізька,,КАБ,47.8388,35.1396,КАБ у напрямку м. Запоріжжя.,https://t.me/kpszsu/68376
2026-07-14T03:08:17+00:00,kpszsu,68386,область,Запорізька,,КАБ,47.8388,35.1396,Пуски КАБ на Запоріжжі.,https://t.me/kpszsu/68386
2026-07-14T08:36:49+00:00,kpszsu,68413,область,Запорізька,,КАБ,47.8388,35.1396,КАБи на Запорізьку область.,https://t.me/kpszsu/68413
2026-07-14T12:11:00+00:00,kpszsu,68425,область,Сумська,,КАБ,50.9077,34.7981,КАБи на Сумщину.,https://t.me/kpszsu/68425
2026-07-14T12:14:45+00:00,kpszsu,68427,область,Донецька,,КАБ,48.0159,37.8029,КАБи на Донеччину та Харківщину.,https://t.me/kpszsu/68427
2026-07-14T12:14:45+00:00,kpszsu,68427,область,Харківська,,КАБ,49.9935,36.2304,КАБи на Донеччину та Харківщину.,https://t.me/kpszsu/68427
2026-07-14T12:37:22+00:00,kpszsu,68431,область,Донецька,,КАБ,48.0159,37.8029,"КАБи на Донеччину,  на південно-східний напрямок Дніпропетровщини.",https://t.me/kpszsu/68431
2026-07-14T12:37:22+00:00,kpszsu,68431,область,Дніпропетровська,схід,КАБ,48.4647,35.0462,"КАБи на Донеччину,  на південно-східний напрямок Дніпропетровщини.",https://t.me/kpszsu/68431
2026-07-14T12:41:43+00:00,kpszsu,68432,область,Запорізька,,КАБ,47.8388,35.1396,КАБи на Запорізьку область.,https://t.me/kpszsu/68432
2026-07-14T12:51:53+00:00,kpszsu,68435,область,Харківська,,БпЛА|КАБ,49.9935,36.2304,КАБи на Харківщину.,https://t.me/kpszsu/68435
2026-07-14T12:56:12+00:00,kpszsu,68437,область,Донецька,,БпЛА|КАБ,48.0159,37.8029,КАБи на Донеччину.,https://t.me/kpszsu/68437
2026-07-14T13:18:16+00:00,kpszsu,68439,область,Запорізька,,КАБ,47.8388,35.1396,КАБи на Запорізьку область.,https://t.me/kpszsu/68439
2026-07-14T13:19:44+00:00,kpszsu,68440,область,Запорізька,,КАБ,47.8388,35.1396,КАБи на Запорізьку область.,https://t.me/kpszsu/68440
2026-07-14T17:44:53+00:00,kpszsu,68464,область,Харківська,північ,КАБ,49.9935,36.2304,КАБи на північ Харківщини.,https://t.me/kpszsu/68464
2026-07-14T17:45:29+00:00,kpszsu,68465,область,Донецька,,КАБ,48.0159,37.8029,КАБи на Донеччину.,https://t.me/kpszsu/68465
2026-07-14T19:13:44+00:00,kpszsu,68471,область,Запорізька,,КАБ,47.8388,35.1396,КАБи на Запорізьку область.,https://t.me/kpszsu/68471
2026-07-14T19:46:54+00:00,kpszsu,68476,область,Донецька,,КАБ,48.0159,37.8029,КАБи на Донеччину.,https://t.me/kpszsu/68476
2026-07-14T20:06:13+00:00,kpszsu,68478,область,Запорізька,,КАБ,47.8388,35.1396,"КАБи на Запорізьку область, курсом на південь Дніпропетровщини.",https://t.me/kpszsu/68478
2026-07-14T20:06:13+00:00,kpszsu,68478,область,Дніпропетровська,південь,КАБ,48.4647,35.0462,"КАБи на Запорізьку область, курсом на південь Дніпропетровщини.",https://t.me/kpszsu/68478
2026-07-14T20:36:23+00:00,kpszsu,68482,область,Запорізька,,КАБ,47.8388,35.1396,"КАБи на Запорізьку область, курсом на південь Дніпропетровщини.",https://t.me/kpszsu/68482
2026-07-14T20:36:23+00:00,kpszsu,68482,область,Дніпропетровська,південь,КАБ,48.4647,35.0462,"КАБи на Запорізьку область, курсом на південь Дніпропетровщини.",https://t.me/kpszsu/68482
2026-07-14T20:42:22+00:00,kpszsu,68483,область,Донецька,,КАБ,48.0159,37.8029,КАБи на Донеччину.,https://t.me/kpszsu/68483
2026-07-14T23:45:30+00:00,kpszsu,68499,область,Харківська,,КАБ,49.9935,36.2304,КАБи на Харківщину.,https://t.me/kpszsu/68499
2026-07-14T23:48:48+00:00,kpszsu,68500,область,Донецька,,КАБ,48.0159,37.8029,КАБи на Донеччину.,https://t.me/kpszsu/68500
2026-07-15T00:33:20+00:00,kpszsu,68504,область,Харківська,північ,КАБ,49.9935,36.2304,КАБи на північ Харківщини.,https://t.me/kpszsu/68504
2026-07-15T03:05:39+00:00,kpszsu,68511,область,Запорізька,,КАБ,47.8388,35.1396,КАБи на Запорізьку область.,https://t.me/kpszsu/68511
2026-07-15T05:58:48+00:00,kpszsu,68524,область,Донецька,,КАБ,48.0159,37.8029,КАБи на Донеччину!,https://t.me/kpszsu/68524
2026-07-15T05:59:39+00:00,kpszsu,68525,область,Сумська,північ,КАБ,50.9077,34.7981,КАБи на північ Сумщини!,https://t.me/kpszsu/68525
2026-07-15T06:07:28+00:00,kpszsu,68526,область,Сумська,,КАБ,50.9077,34.7981,КАБи на  Сумщину!,https://t.me/kpszsu/68526
2026-07-15T06:12:52+00:00,kpszsu,68528,область,Сумська,,КАБ,50.9077,34.7981,КАБ у напрямку Сум!,https://t.me/kpszsu/68528
2026-07-15T06:19:10+00:00,kpszsu,68530,область,Сумська,,КАБ,50.9077,34.7981,КАБ у напрямку Сум!,https://t.me/kpszsu/68530
2026-07-15T07:05:00+00:00,kpszsu,68533,область,Харківська,,КАБ,49.9935,36.2304,"КАБи на Харківщину, Донеччину!",https://t.me/kpszsu/68533
2026-07-15T07:05:00+00:00,kpszsu,68533,область,Донецька,,КАБ,48.0159,37.8029,"КАБи на Харківщину, Донеччину!",https://t.me/kpszsu/68533
2026-07-15T08:03:10+00:00,kpszsu,68539,область,Запорізька,,КАБ,47.8388,35.1396,КАБи на Запоріжжя.,https://t.me/kpszsu/68539
2026-07-15T09:16:00+00:00,kpszsu,68541,область,Запорізька,,БпЛА|КАБ,47.8388,35.1396,КАБи на Запорізьку область!,https://t.me/kpszsu/68541
2026-07-15T11:44:39+00:00,kpszsu,68548,область,Сумська,,КАБ,50.9077,34.7981,КАБи на Сумщину.,https://t.me/kpszsu/68548
2026-07-15T12:13:05+00:00,kpszsu,68550,область,Харківська,,КАБ,49.9935,36.2304,КАБи на Харківщину.,https://t.me/kpszsu/68550
2026-07-15T12:35:12+00:00,kpszsu,68551,область,Дніпропетровська,,КАБ,48.4647,35.0462,КАБи на Дніпропетровщину.,https://t.me/kpszsu/68551
2026-07-15T13:01:48+00:00,kpszsu,68552,область,Запорізька,,КАБ,47.8388,35.1396,КАБи на Запоріжжя.,https://t.me/kpszsu/68552
2026-07-15T13:58:17+00:00,kpszsu,68554,область,Запорізька,,КАБ,47.8388,35.1396,КАБи на Запорізьку область!,https://t.me/kpszsu/68554
2026-07-15T18:21:03+00:00,kpszsu,68591,область,Сумська,північ,КАБ,50.9077,34.7981,КАБи на північ Сумщини.,https://t.me/kpszsu/68591
2026-07-15T19:25:33+00:00,kpszsu,68593,область,Дніпропетровська,,КАБ,48.4647,35.0462,"КАБи на Дніпропетровщину, Харківщину, Донеччину.",https://t.me/kpszsu/68593
2026-07-15T19:25:33+00:00,kpszsu,68593,область,Харківська,,КАБ,49.9935,36.2304,"КАБи на Дніпропетровщину, Харківщину, Донеччину.",https://t.me/kpszsu/68593
2026-07-15T19:25:33+00:00,kpszsu,68593,область,Донецька,,КАБ,48.0159,37.8029,"КАБи на Дніпропетровщину, Харківщину, Донеччину.",https://t.me/kpszsu/68593
2026-07-15T20:36:09+00:00,kpszsu,68596,область,Запорізька,,КАБ,47.8388,35.1396,КАБи на Запоріжжя.,https://t.me/kpszsu/68596
2026-07-16T00:06:58+00:00,kpszsu,68625,область,Донецька,,КАБ,48.0159,37.8029,КАБи на Донеччину!,https://t.me/kpszsu/68625
2026-07-16T00:20:07+00:00,kpszsu,68626,область,Харківська,схід,КАБ,49.9935,36.2304,КАБи на північний схід Харківщини!,https://t.me/kpszsu/68626
2026-07-16T00:29:32+00:00,kpszsu,68628,область,Донецька,,КАБ,48.0159,37.8029,Повторні пуски КАБів на Донеччину та північний схід Харківщини!,https://t.me/kpszsu/68628
2026-07-16T00:29:32+00:00,kpszsu,68628,область,Харківська,схід,КАБ,49.9935,36.2304,Повторні пуски КАБів на Донеччину та північний схід Харківщини!,https://t.me/kpszsu/68628
2026-07-16T00:56:00+00:00,kpszsu,68630,область,Дніпропетровська,,КАБ,48.4647,35.0462,КАБи на Дніпропетровщину!,https://t.me/kpszsu/68630
2026-07-16T01:23:06+00:00,kpszsu,68632,область,Запорізька,,КАБ,47.8388,35.1396,КАБи на Запорізьку область та Дніпропетровщину!,https://t.me/kpszsu/68632
2026-07-16T01:23:06+00:00,kpszsu,68632,область,Дніпропетровська,,КАБ,48.4647,35.0462,КАБи на Запорізьку область та Дніпропетровщину!,https://t.me/kpszsu/68632
2026-07-16T01:54:24+00:00,kpszsu,68636,область,Запорізька,,КАБ,47.8388,35.1396,Повторні пуски КАБів на Запорізьку область!,https://t.me/kpszsu/68636
2026-07-16T03:33:11+00:00,kpszsu,68653,область,Запорізька,,КАБ,47.8388,35.1396,КАБи на Запорізьку область!,https://t.me/kpszsu/68653
2026-07-16T06:59:48+00:00,kpszsu,68672,область,Донецька,,КАБ,48.0159,37.8029,КАБи ➡️ на Донеччину та на Харківщину зі сходу.,https://t.me/kpszsu/68672
2026-07-16T06:59:48+00:00,kpszsu,68672,область,Харківська,схід,КАБ,49.9935,36.2304,КАБи ➡️ на Донеччину та на Харківщину зі сходу.,https://t.me/kpszsu/68672
2026-07-16T07:27:16+00:00,kpszsu,68675,область,Сумська,,КАБ,50.9077,34.7981,КАБи ➡️ на Сумщину!,https://t.me/kpszsu/68675
2026-07-16T07:38:18+00:00,kpszsu,68679,область,Донецька,,КАБ,48.0159,37.8029,КАБи ➡️ на Донеччину та схід Дніпропетровщини.,https://t.me/kpszsu/68679
2026-07-16T07:38:18+00:00,kpszsu,68679,область,Дніпропетровська,схід,КАБ,48.4647,35.0462,КАБи ➡️ на Донеччину та схід Дніпропетровщини.,https://t.me/kpszsu/68679
2026-07-16T07:59:56+00:00,kpszsu,68683,область,Запорізька,,КАБ,47.8388,35.1396,КАБи ➡️ на Запорізьку область.,https://t.me/kpszsu/68683
2026-07-16T12:11:31+00:00,kpszsu,68713,область,Харківська,,КАБ,49.9935,36.2304,"Пуски КАБ на Харківщині, Донеччині та Дніпропетровщині.",https://t.me/kpszsu/68713
2026-07-16T12:11:31+00:00,kpszsu,68713,область,Донецька,,КАБ,48.0159,37.8029,"Пуски КАБ на Харківщині, Донеччині та Дніпропетровщині.",https://t.me/kpszsu/68713
2026-07-16T12:11:31+00:00,kpszsu,68713,область,Дніпропетровська,,КАБ,48.4647,35.0462,"Пуски КАБ на Харківщині, Донеччині та Дніпропетровщині.",https://t.me/kpszsu/68713
2026-07-16T12:54:38+00:00,kpszsu,68717,область,Херсонська,,КАБ,46.6354,32.6169,КАБи на Херсонщині.,https://t.me/kpszsu/68717
2026-07-16T13:01:30+00:00,kpszsu,68718,область,Дніпропетровська,,КАБ,48.4647,35.0462,КАБи на Дніпропетровщині.,https://t.me/kpszsu/68718
2026-07-16T13:12:15+00:00,kpszsu,68720,область,Запорізька,,КАБ,47.8388,35.1396,КАБи на  Запоріжжі,https://t.me/kpszsu/68720
2026-07-16T18:27:06+00:00,kpszsu,68764,область,Сумська,,КАБ,50.9077,34.7981,КАБ у напрямку Сум!,https://t.me/kpszsu/68764
2026-07-16T18:48:42+00:00,kpszsu,68769,область,Харківська,північ,КАБ,49.9935,36.2304,КАБи на півночі Харківщини,https://t.me/kpszsu/68769
2026-07-16T18:50:57+00:00,kpszsu,68770,область,Донецька,,КАБ,48.0159,37.8029,Пуски КАБ на Донеччині.,https://t.me/kpszsu/68770
2026-07-16T19:00:39+00:00,kpszsu,68772,область,Запорізька,,КАБ,47.8388,35.1396,Пуски КАБ на Запоріжжі.,https://t.me/kpszsu/68772
2026-07-16T19:53:01+00:00,kpszsu,68782,область,Запорізька,,КАБ,47.8388,35.1396,Пуски КАБ на Запоріжжі та Дніпропетровщині.,https://t.me/kpszsu/68782
2026-07-16T19:53:01+00:00,kpszsu,68782,область,Дніпропетровська,,КАБ,48.4647,35.0462,Пуски КАБ на Запоріжжі та Дніпропетровщині.,https://t.me/kpszsu/68782
2026-07-16T23:47:22+00:00,kpszsu,68791,область,Донецька,,КАБ,48.0159,37.8029,Пуски КАБ на Донеччині.,https://t.me/kpszsu/68791
2026-07-16T23:59:35+00:00,kpszsu,68795,область,Сумська,,КАБ,50.9077,34.7981,Пуски КАБ на Сумщині,https://t.me/kpszsu/68795
2026-07-17T00:10:49+00:00,kpszsu,68796,область,Сумська,,КАБ,50.9077,34.7981,Пуски КАБ на Сумщині,https://t.me/kpszsu/68796
2026-07-17T00:33:18+00:00,kpszsu,68798,область,Дніпропетровська,схід,КАБ,48.4647,35.0462,Пуски КАБ ➡️ на схід Дніпропетровщини!,https://t.me/kpszsu/68798
2026-07-17T00:57:33+00:00,kpszsu,68803,область,Донецька,,КАБ,48.0159,37.8029,Пуски КАБ ➡️ на Донеччину!,https://t.me/kpszsu/68803
2026-07-17T01:07:47+00:00,kpszsu,68804,область,Харківська,схід,КАБ,49.9935,36.2304,Пуски КАБ ➡️ на Харківщину зі сходу!,https://t.me/kpszsu/68804
2026-07-17T01:33:50+00:00,kpszsu,68808,область,Запорізька,,КАБ,47.8388,35.1396,Пуски КАБ ➡️ на Запорізьку область!,https://t.me/kpszsu/68808
2026-07-17T01:40:26+00:00,kpszsu,68809,область,Харківська,схід,КАБ,49.9935,36.2304,Пуски КАБ ➡️ на Харківщину зі сходу!,https://t.me/kpszsu/68809
2026-07-17T01:46:25+00:00,kpszsu,68810,область,Запорізька,,КАБ,47.8388,35.1396,Пуски КАБ ➡️ на Запорізьку область!,https://t.me/kpszsu/68810
2026-07-17T02:36:46+00:00,kpszsu,68826,область,Дніпропетровська,схід,КАБ,48.4647,35.0462,Пуски КАБ ➡️ на схід Дніпропетровщини!,https://t.me/kpszsu/68826
2026-07-17T03:10:47+00:00,kpszsu,68828,область,Запорізька,,БпЛА|КАБ,47.8388,35.1396,КАБи ➡️ на Запорізьку область!,https://t.me/kpszsu/68828
2026-07-17T05:47:09+00:00,kpszsu,68844,область,Донецька,,КАБ,48.0159,37.8029,КАБи ➡️ на Донеччину!,https://t.me/kpszsu/68844
2026-07-17T06:12:27+00:00,kpszsu,68847,область,Сумська,,КАБ,50.9077,34.7981,КАБи ➡️ на Сумщину!,https://t.me/kpszsu/68847
2026-07-17T06:41:15+00:00,kpszsu,68849,область,Донецька,,КАБ,48.0159,37.8029,КАБи ➡️ на Донеччину.,https://t.me/kpszsu/68849
2026-07-17T08:15:31+00:00,kpszsu,68856,область,Донецька,,КАБ,48.0159,37.8029,КАБи ➡️ на Донеччину.,https://t.me/kpszsu/68856
2026-07-17T08:41:32+00:00,kpszsu,68858,область,Запорізька,,БпЛА|КАБ,47.8388,35.1396,КАБи ➡️ на Запорізьку область.,https://t.me/kpszsu/68858
2026-07-17T11:54:56+00:00,kpszsu,68871,область,Харківська,,КАБ,49.9935,36.2304,КАБи ➡️ на Харківщину.,https://t.me/kpszsu/68871
2026-07-17T11:58:54+00:00,kpszsu,68872,область,Донецька,,КАБ,48.0159,37.8029,КАБи ➡️ на Донеччину.,https://t.me/kpszsu/68872
2026-07-17T12:40:57+00:00,kpszsu,68880,область,Харківська,схід,КАБ,49.9935,36.2304,КАБи ➡️ на Харківщину зі сходу.,https://t.me/kpszsu/68880
2026-07-17T13:08:25+00:00,kpszsu,68883,область,Харківська,північ,КАБ,49.9935,36.2304,КАБи ➡️ на Харківщину з півночі.,https://t.me/kpszsu/68883
2026-07-17T13:22:38+00:00,kpszsu,68884,область,Запорізька,,БпЛА|КАБ,47.8388,35.1396,КАБи ➡️ на Запорізьку область.,https://t.me/kpszsu/68884
2026-07-17T13:24:22+00:00,kpszsu,68886,область,Запорізька,,КАБ,47.8388,35.1396,КАБи  в напрямку Запоріжжя.,https://t.me/kpszsu/68886
2026-07-17T13:43:26+00:00,kpszsu,68888,область,Харківська,схід,КАБ,49.9935,36.2304,КАБи ➡️ на Харківщину зі сходу.,https://t.me/kpszsu/68888
2026-07-17T13:52:22+00:00,kpszsu,68889,область,Донецька,,КАБ,48.0159,37.8029,"КАБи ➡️ на Донеччину, в напрямку Дніпропетровщини.",https://t.me/kpszsu/68889
2026-07-17T13:52:22+00:00,kpszsu,68889,область,Дніпропетровська,,КАБ,48.4647,35.0462,"КАБи ➡️ на Донеччину, в напрямку Дніпропетровщини.",https://t.me/kpszsu/68889
2026-07-17T13:56:59+00:00,kpszsu,68892,область,Запорізька,,КАБ,47.8388,35.1396,КАБи ➡️ на Запорізьку область.,https://t.me/kpszsu/68892
2026-07-17T17:55:57+00:00,kpszsu,68917,область,Сумська,,КАБ,50.9077,34.7981,КАБи ➡️ на Сумщину!,https://t.me/kpszsu/68917
2026-07-17T18:51:06+00:00,kpszsu,68921,область,Сумська,,КАБ,50.9077,34.7981,КАБи ➡️ на Сумщину!,https://t.me/kpszsu/68921
2026-07-17T19:12:10+00:00,kpszsu,68923,область,Запорізька,,КАБ,47.8388,35.1396,КАБи ➡️ на Запорізьку область!,https://t.me/kpszsu/68923
2026-07-17T19:14:04+00:00,kpszsu,68924,область,Запорізька,,КАБ,47.8388,35.1396,КАБи ➡️ на Запорізьку область!,https://t.me/kpszsu/68924
2026-07-17T19:31:53+00:00,kpszsu,68926,область,Донецька,,КАБ,48.0159,37.8029,КАБи ➡️ на Донеччину та Запоріжжя!,https://t.me/kpszsu/68926
2026-07-17T19:31:53+00:00,kpszsu,68926,область,Запорізька,,КАБ,47.8388,35.1396,КАБи ➡️ на Донеччину та Запоріжжя!,https://t.me/kpszsu/68926
2026-07-17T19:58:30+00:00,kpszsu,68930,область,Дніпропетровська,південь,КАБ,48.4647,35.0462,КАБи з Донеччини на південь Дніпропетровщини.,https://t.me/kpszsu/68930
2026-07-17T20:47:23+00:00,kpszsu,68937,область,Запорізька,,КАБ,47.8388,35.1396,КАБи ➡️ на Запорізьку область!,https://t.me/kpszsu/68937
2026-07-17T21:33:00+00:00,kpszsu,68944,область,Харківська,схід,КАБ,49.9935,36.2304,КАБи ➡️ на схід Харківщини.,https://t.me/kpszsu/68944
2026-07-18T00:05:53+00:00,kpszsu,68966,область,Харківська,,КАБ,49.9935,36.2304,КАБи ➡️ на Харківщину.,https://t.me/kpszsu/68966
2026-07-18T01:54:31+00:00,kpszsu,68971,область,Запорізька,,КАБ,47.8388,35.1396,КАБи ➡️ на Запорізьку область!,https://t.me/kpszsu/68971
2026-07-18T02:30:03+00:00,kpszsu,68975,область,Запорізька,,КАБ,47.8388,35.1396,КАБи ➡️ на Запорізьку область!,https://t.me/kpszsu/68975
2026-07-18T06:08:16+00:00,kpszsu,68986,область,Харківська,схід,КАБ,49.9935,36.2304,КАБи на схід Харківщини!,https://t.me/kpszsu/68986
2026-07-18T06:14:50+00:00,kpszsu,68987,область,Харківська,північ,КАБ,49.9935,36.2304,КАБи на північ Харківщини!,https://t.me/kpszsu/68987
2026-07-18T06:20:33+00:00,kpszsu,68988,область,Харківська,північ,КАБ,49.9935,36.2304,КАБи на північ Харківщини!,https://t.me/kpszsu/68988
2026-07-18T06:27:32+00:00,kpszsu,68990,область,Донецька,,КАБ,48.0159,37.8029,КАБ на Донеччину!,https://t.me/kpszsu/68990
2026-07-18T06:43:50+00:00,kpszsu,68993,область,Харківська,північ,КАБ,49.9935,36.2304,КАБи на північ Харківщини та Донеччину!,https://t.me/kpszsu/68993
2026-07-18T06:43:50+00:00,kpszsu,68993,область,Донецька,,КАБ,48.0159,37.8029,КАБи на північ Харківщини та Донеччину!,https://t.me/kpszsu/68993
2026-07-18T07:08:44+00:00,kpszsu,68995,область,Харківська,схід,КАБ,49.9935,36.2304,КАБ на схід Харківщини!,https://t.me/kpszsu/68995
2026-07-18T07:13:13+00:00,kpszsu,68996,область,Донецька,,КАБ,48.0159,37.8029,КАБи на Донеччину!,https://t.me/kpszsu/68996
2026-07-18T08:07:10+00:00,kpszsu,69005,область,Дніпропетровська,,КАБ,48.4647,35.0462,КАБи на Дніпропетровщину!,https://t.me/kpszsu/69005
2026-07-18T11:37:31+00:00,kpszsu,69016,область,Харківська,,КАБ,49.9935,36.2304,КАБи на Харківщину.,https://t.me/kpszsu/69016
2026-07-18T12:18:30+00:00,kpszsu,69024,область,Харківська,,КАБ,49.9935,36.2304,КАБи на Харківщину.,https://t.me/kpszsu/69024
2026-07-18T13:34:50+00:00,kpszsu,69026,область,Херсонська,,КАБ,46.6354,32.6169,КАБи на Херсонщину.,https://t.me/kpszsu/69026
2026-07-18T13:35:43+00:00,kpszsu,69027,область,Херсонська,,КАБ,46.6354,32.6169,КАБи на Херсонщину.,https://t.me/kpszsu/69027
2026-07-18T14:16:54+00:00,kpszsu,69030,область,Запорізька,,КАБ,47.8388,35.1396,КАБи на Запоріжжя.,https://t.me/kpszsu/69030
2026-07-18T14:48:50+00:00,kpszsu,69033,область,Донецька,,КАБ,48.0159,37.8029,КАБи на Донеччину!,https://t.me/kpszsu/69033
2026-07-18T15:38:12+00:00,kpszsu,69048,область,Донецька,,КАБ,48.0159,37.8029,КАБи на Донеччину!,https://t.me/kpszsu/69048
