channel,id,date,url,views,tags,segment,text
kpszsu,66952,2026-07-01T00:31:03+00:00,https://t.me/kpszsu/66952,143K,КАБ,КАБи на Сумщині,"🚀
КАБи на Сумщині"
kpszsu,66954,2026-07-01T00:47:38+00:00,https://t.me/kpszsu/66954,142K,КАБ,КАБи на Донеччині,"🚀
КАБи на Донеччині"
kpszsu,66956,2026-07-01T01:25:54+00:00,https://t.me/kpszsu/66956,146K,КАБ,КАБи на Запоріжжя,"🚀
КАБи на Запоріжжя"
kpszsu,66957,2026-07-01T02:08:05+00:00,https://t.me/kpszsu/66957,147K,КАБ,Пуски КАБ на Запоріжжя та Донеччину,"🚀
Пуски КАБ на Запоріжжя та Донеччину"
kpszsu,66969,2026-07-01T06:01:07+00:00,https://t.me/kpszsu/66969,148K,КАБ,Пуски КАБ на півночі Сумщини.,"🚀
Пуски КАБ на півночі Сумщини."
kpszsu,66970,2026-07-01T06:20:24+00:00,https://t.me/kpszsu/66970,147K,КАБ,Пуски КАБ на півночі Харківщини.,"🚀
Пуски КАБ на півночі Харківщини."
kpszsu,66975,2026-07-01T08:23:07+00:00,https://t.me/kpszsu/66975,155K,КАБ,КАБи на Донеччину!,"🚀
КАБи на Донеччину!"
kpszsu,66984,2026-07-01T11:58:24+00:00,https://t.me/kpszsu/66984,162K,БпЛА|КАБ,КАБи на північ Харківщини!,"🛵
БпЛА на півночі Сумщини, курс південний.
🛵
БпЛА на півдні Харківщини, курс західний.
🛵
БпЛА в Нікопольському районі Дніпропетровщини, курс північно-західний.
🛵
БпЛА в Первомайському районі Миколаївщини, курс північно-західний.
🛵
БпЛА північніше Чернігова.
🛵
БпЛА на межі Сумщини та Сумщини, курс південний.
🚀
КАБи на північ Харківщини!"
kpszsu,66990,2026-07-01T13:24:19+00:00,https://t.me/kpszsu/66990,168K,КАБ,КАБи на Донеччину!,"🚀
КАБи на Донеччину!"
kpszsu,67005,2026-07-01T18:00:08+00:00,https://t.me/kpszsu/67005,195K,КАБ,КАБи на північ Харківщини!,"🚀
КАБи на північ Харківщини!"
kpszsu,67071,2026-07-02T01:02:03+00:00,https://t.me/kpszsu/67071,170K,КАБ,Пуски КАБ на Сумщину та Донеччину.,"🚀
Пуски КАБ на Сумщину та Донеччину."
kpszsu,67091,2026-07-02T06:03:42+00:00,https://t.me/kpszsu/67091,142K,КАБ,Пуски КАБ на Харківщину зі сходу.,"🚀
Пуски КАБ на Харківщину зі сходу."
kpszsu,67098,2026-07-02T07:04:50+00:00,https://t.me/kpszsu/67098,171K,КАБ,"Пуски КАБ на Запоріжжя, Сумщину, Донеччину.","🚀
Пуски КАБ на Запоріжжя, Сумщину, Донеччину."
kpszsu,67104,2026-07-02T07:49:54+00:00,https://t.me/kpszsu/67104,163K,БпЛА|КАБ,КАБи на південно-східний напрямок Дніпропетровщини.,"🚀
КАБи на південно-східний напрямок Дніпропетровщини.
🛵
БпЛА в напрямку Києва з півночі."
kpszsu,67107,2026-07-02T08:13:12+00:00,https://t.me/kpszsu/67107,156K,БпЛА|КАБ,КАБи на Запоріжжя.,"🚀
КАБи на Запоріжжя.
🛵
Реактивні БпЛА на півночі Чернігівщини, на південно-західний напрямок."
kpszsu,67117,2026-07-02T12:12:14+00:00,https://t.me/kpszsu/67117,144K,КАБ,КАБи на Донеччину!,"🚀
КАБи на Донеччину!"
kpszsu,67118,2026-07-02T12:14:12+00:00,https://t.me/kpszsu/67118,142K,КАБ,КАБи на схід Сумщини!,"🚀
КАБи на схід Сумщини!"
kpszsu,67120,2026-07-02T12:17:40+00:00,https://t.me/kpszsu/67120,134K,КАБ,КАБи на Суми!,"🚀
КАБи на Суми!"
kpszsu,67127,2026-07-02T12:50:35+00:00,https://t.me/kpszsu/67127,128K,КАБ,КАБи на Донеччину!,"🚀
КАБи на Донеччину!"
kpszsu,67128,2026-07-02T12:53:17+00:00,https://t.me/kpszsu/67128,132K,БпЛА|КАБ,КАБи на північний схід Харківщини!,"🛵
Група БпЛА на південь Миколаївщини із акваторії Чорного моря
🚀
КАБи на північний схід Харківщини!"
kpszsu,67134,2026-07-02T13:17:34+00:00,https://t.me/kpszsu/67134,142K,КАБ,КАБи на Запорізьку область!,"🚀
КАБи на Запорізьку область!"
kpszsu,67138,2026-07-02T13:37:12+00:00,https://t.me/kpszsu/67138,151K,БпЛА|КАБ,КАБи на Донеччину!,"🚀
КАБи на Донеччину!
🛵
БпЛА у напрямку Шахтарського на Дніпропетровщині із південного сходу"
kpszsu,67139,2026-07-02T13:38:48+00:00,https://t.me/kpszsu/67139,151K,КАБ,КАБи на Дніпропетровщину!,"🚀
КАБи на Дніпропетровщину!"
kpszsu,67147,2026-07-02T18:23:22+00:00,https://t.me/kpszsu/67147,159K,КАБ,КАБи на Сумщину та Донеччину!,"🚀
КАБи на Сумщину та Донеччину!"
kpszsu,67153,2026-07-02T19:32:08+00:00,https://t.me/kpszsu/67153,148K,КАБ,КАБи на Запоріжжя!,"🚀
КАБи на Запоріжжя!"
kpszsu,67161,2026-07-03T00:25:46+00:00,https://t.me/kpszsu/67161,110K,КАБ,КАБи на Донеччину!,"🚀
КАБи на Донеччину!"
kpszsu,67163,2026-07-03T00:54:43+00:00,https://t.me/kpszsu/67163,104K,КАБ,КАБи на північ Харківщини!,"🚀
КАБи на північ Харківщини!"
kpszsu,67164,2026-07-03T01:10:06+00:00,https://t.me/kpszsu/67164,103K,КАБ,КАБи на Дніпропетровщину!,"🚀
КАБи на Дніпропетровщину!"
kpszsu,67165,2026-07-03T01:11:47+00:00,https://t.me/kpszsu/67165,105K,КАБ,КАБи на північ Харківщини!,"🚀
КАБи на північ Харківщини!"
kpszsu,67166,2026-07-03T01:12:48+00:00,https://t.me/kpszsu/67166,108K,КАБ,КАБи на Донеччину!,"🚀
КАБи на Донеччину!"
kpszsu,67167,2026-07-03T01:53:44+00:00,https://t.me/kpszsu/67167,109K,КАБ,КАБи на Дніпропетровщину та Запорізьку область!,"🚀
КАБи на Дніпропетровщину та Запорізьку область!"
kpszsu,67168,2026-07-03T01:58:55+00:00,https://t.me/kpszsu/67168,109K,КАБ,КАБ на місто Запоріжжя!,"🚀
КАБ на місто Запоріжжя!"
kpszsu,67173,2026-07-03T02:40:37+00:00,https://t.me/kpszsu/67173,111K,КАБ,КАБи на Дніпропетровщину!,"🚀
КАБи на Дніпропетровщину!"
kpszsu,67191,2026-07-03T06:36:12+00:00,https://t.me/kpszsu/67191,117K,КАБ,Пуски КАБ на Сумщину!,"🚀
Пуски КАБ на Сумщину!"
kpszsu,67192,2026-07-03T06:40:32+00:00,https://t.me/kpszsu/67192,116K,КАБ,Пуски КАБ на Донеччину!,"🚀
Пуски КАБ на Донеччину!"
kpszsu,67194,2026-07-03T06:59:16+00:00,https://t.me/kpszsu/67194,113K,КАБ,Пуски КАБ на північ Харківщини.,"🚀
Пуски КАБ на північ Харківщини."
kpszsu,67199,2026-07-03T07:49:03+00:00,https://t.me/kpszsu/67199,108K,КАБ,КАБи ➡️ на Харківщину зі сходу.,"🚀
КАБи
➡️
на Харківщину зі сходу."
kpszsu,67203,2026-07-03T08:05:57+00:00,https://t.me/kpszsu/67203,104K,КАБ,КАБи ➡️ на схід Дніпропетровщини!,"🚀
КАБи
➡️
на схід Дніпропетровщини!"
kpszsu,67204,2026-07-03T08:12:35+00:00,https://t.me/kpszsu/67204,104K,КАБ,КАБи ➡️ на Запорізьку область!,"🚀
КАБи
➡️
на Запорізьку область!"
kpszsu,67208,2026-07-03T08:59:31+00:00,https://t.me/kpszsu/67208,113K,КАБ,КАБи ➡️ на схід Дніпропетровщини!,"🚀
КАБи
➡️
на схід Дніпропетровщини!"
kpszsu,67225,2026-07-03T12:38:49+00:00,https://t.me/kpszsu/67225,114K,КАБ,КАБи на Сумщині.,"🚀
КАБи на Сумщині."
kpszsu,67226,2026-07-03T12:40:24+00:00,https://t.me/kpszsu/67226,114K,КАБ,КАБи на Харківщині.,"🚀
КАБи на Харківщині."
kpszsu,67229,2026-07-03T13:12:25+00:00,https://t.me/kpszsu/67229,109K,КАБ,КАБи ➡️ на Херсонщину (вектор - Херсон)!,"🚀
КАБи
➡️
на Херсонщину (вектор - Херсон)!"
kpszsu,67230,2026-07-03T13:16:36+00:00,https://t.me/kpszsu/67230,109K,КАБ,КАБи ➡️ на південь Сумщини!,"🚀
КАБи
➡️
на південь Сумщини!"
kpszsu,67231,2026-07-03T13:23:28+00:00,https://t.me/kpszsu/67231,109K,КАБ,КАБи на Харківщину зі сходу!,"🚀
КАБи на Харківщину зі сходу!"
kpszsu,67233,2026-07-03T13:33:56+00:00,https://t.me/kpszsu/67233,110K,КАБ,КАБи ➡️ на Запорізьку область (вектор - н.п.Кушугум)!,"🚀
КАБи
➡️
на Запорізьку область (вектор - н.п.Кушугум)!"
kpszsu,67234,2026-07-03T13:35:44+00:00,https://t.me/kpszsu/67234,109K,КАБ,КАБи ➡️ на північний схід Харківщини!,"🚀
КАБи
➡️
на північний схід Харківщини!"
kpszsu,67235,2026-07-03T13:36:57+00:00,https://t.me/kpszsu/67235,109K,КАБ,КАБи ➡️ на Запорізьку область (вектор - н.п.Кушугум)!,"🚀
КАБи
➡️
на Запорізьку область (вектор - н.п.Кушугум)!"
kpszsu,67237,2026-07-03T13:50:41+00:00,https://t.me/kpszsu/67237,108K,КАБ,КАБи ➡️ на Донеччину!,"🚀
КАБи
➡️
на Донеччину!"
kpszsu,67239,2026-07-03T13:58:40+00:00,https://t.me/kpszsu/67239,112K,КАБ,КАБи ➡️ на схід Дніпропетровщини!,"🚀
КАБи
➡️
на схід Дніпропетровщини!"
kpszsu,67240,2026-07-03T14:10:39+00:00,https://t.me/kpszsu/67240,111K,КАБ,КАБи ➡️ на Запорізьку область!,"🚀
КАБи
➡️
на Запорізьку область!"
kpszsu,67249,2026-07-03T15:15:42+00:00,https://t.me/kpszsu/67249,113K,КАБ,КАБи ➡️ на Харківщину зі сходу.,"🚀
КАБи
➡️
на Харківщину зі сходу."
kpszsu,67267,2026-07-03T18:28:09+00:00,https://t.me/kpszsu/67267,134K,КАБ,КАБи на Донеччину.,"🚀
КАБи на Донеччину."
kpszsu,67269,2026-07-03T18:33:59+00:00,https://t.me/kpszsu/67269,142K,КАБ,КАБи на Сумщині.,"🚀
КАБи на Сумщині."
kpszsu,67270,2026-07-03T18:58:19+00:00,https://t.me/kpszsu/67270,141K,КАБ,КАБи на Запоріжжі.,"🚀
КАБи на Запоріжжі."
kpszsu,67272,2026-07-03T19:36:13+00:00,https://t.me/kpszsu/67272,138K,КАБ,КАБи на Харківщині.,"🚀
КАБи на Харківщині."
kpszsu,67274,2026-07-03T19:55:46+00:00,https://t.me/kpszsu/67274,135K,КАБ,КАБи на Дніпропетровщині.,"🚀
КАБи на Дніпропетровщині."
kpszsu,67280,2026-07-03T23:52:24+00:00,https://t.me/kpszsu/67280,106K,КАБ,КАБи на Харківщині.,"🚀
КАБи на Харківщині."
kpszsu,67287,2026-07-04T00:31:40+00:00,https://t.me/kpszsu/67287,84.9K,КАБ,КАБи ➡️ на Донеччину!,"🚀
КАБи
➡️
на Донеччину!"
kpszsu,67291,2026-07-04T01:01:11+00:00,https://t.me/kpszsu/67291,97.4K,КАБ,КАБи ➡️ на Харківщину зі сходу.,"🚀
КАБи
➡️
на Харківщину зі сходу."
kpszsu,67292,2026-07-04T01:26:19+00:00,https://t.me/kpszsu/67292,94.8K,КАБ,КАБи ➡️ на Запорізьку та Донецьку області!,"🚀
КАБи
➡️
на Запорізьку та Донецьку області!"
kpszsu,67294,2026-07-04T02:07:05+00:00,https://t.me/kpszsu/67294,93.9K,КАБ,КАБи ➡️ на схід Дніпропетровщини!,"🚀
КАБи
➡️
на схід Дніпропетровщини!"
kpszsu,67295,2026-07-04T02:27:37+00:00,https://t.me/kpszsu/67295,94.1K,БпЛА|КАБ,КАБи ➡️ на область.,"- Дніпропетровщина:
🛵
БпЛА на сході від Нікополя, курс - північний/північно-східний;
- Запорізька область:
🛵
🛸
БпЛА в напрямку Вільнянська з півдня,
🚀
КАБи
➡️
на область."
kpszsu,67299,2026-07-04T03:04:19+00:00,https://t.me/kpszsu/67299,105K,КАБ,КАБи ➡️ на Запорізьку область!,"🚀
КАБи
➡️
на Запорізьку область!"
kpszsu,67307,2026-07-04T06:07:33+00:00,https://t.me/kpszsu/67307,123K,КАБ,КАБи на північ Сумщини.,"🚀
КАБи на північ Сумщини."
kpszsu,67309,2026-07-04T06:26:10+00:00,https://t.me/kpszsu/67309,137K,КАБ,КАБи на Сумщину.,"🚀
КАБи на Сумщину."
kpszsu,67310,2026-07-04T06:33:16+00:00,https://t.me/kpszsu/67310,139K,КАБ,Пуски КАБ на Донеччину!,"🚀
Пуски КАБ на Донеччину!"
kpszsu,67311,2026-07-04T06:35:24+00:00,https://t.me/kpszsu/67311,140K,КАБ,Пуски КАБ на північ Харківщини.,"🚀
Пуски КАБ на північ Харківщини."
kpszsu,67316,2026-07-04T08:10:05+00:00,https://t.me/kpszsu/67316,137K,КАБ,Пуски КАБ на Донеччині та півдні Харківщини.,"🚀
Пуски КАБ на Донеччині та півдні Харківщини."
kpszsu,67322,2026-07-04T13:11:52+00:00,https://t.me/kpszsu/67322,141K,КАБ,Пуски КАБ на м. Запоріжжя.,"🚀
Пуски КАБ на м. Запоріжжя."
kpszsu,67325,2026-07-04T14:00:09+00:00,https://t.me/kpszsu/67325,128K,КАБ,Пуски КАБ на Запоріжжі.,"🚀
Пуски КАБ на Запоріжжі."
kpszsu,67335,2026-07-04T17:55:20+00:00,https://t.me/kpszsu/67335,147K,КАБ,Пуски КАБ на північ Харківщини.,"🚀
Пуски КАБ на північ Харківщини."
kpszsu,67336,2026-07-04T19:05:55+00:00,https://t.me/kpszsu/67336,143K,КАБ,Пуски КАБ на м. Запоріжжя.,"🚀
Пуски КАБ на м. Запоріжжя."
kpszsu,67337,2026-07-04T19:12:08+00:00,https://t.me/kpszsu/67337,144K,КАБ,Повторні пуски КАБ на м. Запоріжжя.,"🚀
Повторні пуски КАБ на м. Запоріжжя."
kpszsu,67349,2026-07-05T00:12:18+00:00,https://t.me/kpszsu/67349,120K,КАБ,Пуски КАБ на північ Сумщини.,"🚀
Пуски КАБ на північ Сумщини."
kpszsu,67352,2026-07-05T00:56:36+00:00,https://t.me/kpszsu/67352,116K,КАБ,Пуски КАБ на Харківщину.,"🚀
Пуски КАБ на Харківщину."
kpszsu,67355,2026-07-05T01:59:15+00:00,https://t.me/kpszsu/67355,111K,КАБ,КАБи на Запоріжжі.,"🚀
КАБи на Запоріжжі."
kpszsu,67358,2026-07-05T03:10:36+00:00,https://t.me/kpszsu/67358,118K,КАБ,КАБи на Запоріжжі та Донеччині.,"🚀
КАБи на Запоріжжі та Донеччині."
kpszsu,67369,2026-07-05T05:57:41+00:00,https://t.me/kpszsu/67369,121K,КАБ,КАБи на Сумщину.,"🚀
КАБи на Сумщину."
kpszsu,67370,2026-07-05T06:39:58+00:00,https://t.me/kpszsu/67370,119K,КАБ,КАБи на північ Харківщини.,"🚀
КАБи на північ Харківщини."
kpszsu,67383,2026-07-05T08:23:13+00:00,https://t.me/kpszsu/67383,119K,КАБ,"КАБи на Дніпропетровщину, Харківщину, Донеччину.","🚀
КАБи на Дніпропетровщину, Харківщину, Донеччину."
kpszsu,67396,2026-07-05T10:41:02+00:00,https://t.me/kpszsu/67396,128K,КАБ,КАБи на північ Харківщини.,"🚀
КАБи на північ Харківщини."
kpszsu,67405,2026-07-05T13:33:09+00:00,https://t.me/kpszsu/67405,118K,КАБ,КАБи на Дніпропетровщину.,"🚀
КАБи на Дніпропетровщину."
kpszsu,67407,2026-07-05T13:45:49+00:00,https://t.me/kpszsu/67407,116K,КАБ,КАБи на Запорізьку область.,"🚀
КАБи на Запорізьку область."
kpszsu,67413,2026-07-05T14:07:42+00:00,https://t.me/kpszsu/67413,131K,КАБ,КАБ у напрямку м. Запоріжжя з півдня.,"🚀
КАБ у напрямку м. Запоріжжя з півдня."
kpszsu,67416,2026-07-05T14:15:19+00:00,https://t.me/kpszsu/67416,137K,КАБ,КАБ у напрямку м. Запоріжжя з півдня.,"🚀
КАБ у напрямку м. Запоріжжя з півдня."
kpszsu,67432,2026-07-05T18:50:15+00:00,https://t.me/kpszsu/67432,181K,КАБ,КАБи на Дніпропетровщину.,"🚀
КАБи на Дніпропетровщину."
kpszsu,67480,2026-07-06T00:39:56+00:00,https://t.me/kpszsu/67480,172K,КАБ,КАБи на Сумщину та Донеччину.,"🚀
КАБи на Сумщину та Донеччину."
kpszsu,67488,2026-07-06T01:53:38+00:00,https://t.me/kpszsu/67488,172K,КАБ,Пуски КАБ на Запоріжжі.,"🚀
Пуски КАБ на Запоріжжі."
kpszsu,67508,2026-07-06T06:16:45+00:00,https://t.me/kpszsu/67508,155K,КАБ,КАБи на Харківщину.,"🚀
КАБи на Харківщину."
kpszsu,67516,2026-07-06T07:40:08+00:00,https://t.me/kpszsu/67516,156K,КАБ,КАБи на Херсонщину!,"🚀
КАБи на Херсонщину!"
kpszsu,67518,2026-07-06T07:54:00+00:00,https://t.me/kpszsu/67518,148K,КАБ,КАБи на Донеччину!,"🚀
КАБи на Донеччину!"
kpszsu,67520,2026-07-06T08:09:37+00:00,https://t.me/kpszsu/67520,157K,КАБ,КАБи на Херсонщину та Запорізьку область!,"🚀
КАБи на Херсонщину та Запорізьку область!"
kpszsu,67522,2026-07-06T08:32:06+00:00,https://t.me/kpszsu/67522,159K,КАБ,КАБи на Дніпропетровщину!,"🚀
КАБи на Дніпропетровщину!"
kpszsu,67526,2026-07-06T09:28:19+00:00,https://t.me/kpszsu/67526,158K,КАБ,КАБи на Запорізьку область!,"🚀
КАБи на Запорізьку область!"
kpszsu,67534,2026-07-06T11:57:23+00:00,https://t.me/kpszsu/67534,144K,КАБ,КАБи на північний схід Харківщини!,"🚀
КАБи на північний схід Харківщини!"
kpszsu,67537,2026-07-06T12:24:56+00:00,https://t.me/kpszsu/67537,136K,КАБ,КАБи на Донеччину!,"🚀
КАБи на Донеччину!"
kpszsu,67545,2026-07-06T12:57:56+00:00,https://t.me/kpszsu/67545,139K,КАБ,КАБи на північ та схід Харківщини!,"🚀
КАБи на північ та схід Харківщини!"
kpszsu,67547,2026-07-06T13:17:03+00:00,https://t.me/kpszsu/67547,143K,КАБ,КАБи на Херсонщину!,"🚀
КАБи на Херсонщину!"
kpszsu,67548,2026-07-06T13:18:07+00:00,https://t.me/kpszsu/67548,146K,КАБ,КАБи на Донеччину!,"🚀
КАБи на Донеччину!"
kpszsu,67551,2026-07-06T13:43:43+00:00,https://t.me/kpszsu/67551,138K,КАБ,КАБи на Дніпропетровщину!,КАБи на Дніпропетровщину!
kpszsu,67553,2026-07-06T14:05:28+00:00,https://t.me/kpszsu/67553,141K,КАБ,КАБи на Запорізьку область!,"🚀
КАБи на Запорізьку область!"
kpszsu,67570,2026-07-06T17:48:48+00:00,https://t.me/kpszsu/67570,160K,БпЛА|КАБ,Пуск КАБ на Сумщину та реактивні БпЛА на північ Сумської області.,"🚀
Пуск КАБ на Сумщину та реактивні БпЛА на північ Сумської області."
kpszsu,67573,2026-07-06T18:24:18+00:00,https://t.me/kpszsu/67573,157K,КАБ,Пуск КАБ на північ Харківщини.,"🚀
Пуск КАБ на північ Харківщини."
kpszsu,67574,2026-07-06T18:27:17+00:00,https://t.me/kpszsu/67574,160K,КАБ,Пуск КАБ на Донеччині.,"🚀
Пуск КАБ на Донеччині."
kpszsu,67577,2026-07-06T18:47:53+00:00,https://t.me/kpszsu/67577,178K,КАБ,Пуск КАБ на Запорізьку область.,"🚀
Пуск КАБ на Запорізьку область."
kpszsu,67578,2026-07-06T18:57:51+00:00,https://t.me/kpszsu/67578,178K,КАБ,Пуск КАБ на Запорізьку область.,"🚀
Пуск КАБ на Запорізьку область."
kpszsu,67580,2026-07-06T19:35:47+00:00,https://t.me/kpszsu/67580,171K,КАБ,Пуск КАБ на Донеччину.,"🚀
Пуск КАБ на Донеччину."
kpszsu,67592,2026-07-06T20:21:52+00:00,https://t.me/kpszsu/67592,152K,КАБ,Пуск КАБ на південно-східний напрямок Дніпропетровщини.,"🚀
Пуск КАБ на південно-східний напрямок Дніпропетровщини."
kpszsu,67611,2026-07-07T00:25:47+00:00,https://t.me/kpszsu/67611,108K,КАБ,КАБи на півночі Сумщини.,"🚀
КАБи на півночі Сумщини."
kpszsu,67613,2026-07-07T00:40:59+00:00,https://t.me/kpszsu/67613,110K,КАБ,КАБи на Донеччині,"🚀
КАБи на Донеччині"
kpszsu,67614,2026-07-07T00:49:30+00:00,https://t.me/kpszsu/67614,111K,КАБ,КАБи на півночі Харківщини,"🚀
КАБи на півночі Харківщини"
kpszsu,67615,2026-07-07T01:40:07+00:00,https://t.me/kpszsu/67615,111K,КАБ,КАБи на Запоріжжі,"🚀
КАБи на Запоріжжі"
kpszsu,67618,2026-07-07T02:02:36+00:00,https://t.me/kpszsu/67618,117K,КАБ,КАБи на Дніпропетровщині,"🚀
КАБи на Дніпропетровщині"
kpszsu,67628,2026-07-07T04:58:37+00:00,https://t.me/kpszsu/67628,121K,КАБ,КАБи на Запоріжжі,"🚀
КАБи на Запоріжжі"
kpszsu,67637,2026-07-07T06:25:07+00:00,https://t.me/kpszsu/67637,130K,КАБ,КАБ курсом на схід Дніпропетровщини з Донеччини.,"🚀
КАБ курсом на схід Дніпропетровщини з Донеччини."
kpszsu,67640,2026-07-07T06:43:33+00:00,https://t.me/kpszsu/67640,138K,КАБ,КАБи на межі Харківщини та Сумщини.,"🚀
КАБи на межі Харківщини та Сумщини."
kpszsu,67643,2026-07-07T06:58:52+00:00,https://t.me/kpszsu/67643,144K,КАБ,КАБи на північ Харківщини.,"🚀
КАБи на північ Харківщини."
kpszsu,67645,2026-07-07T07:17:01+00:00,https://t.me/kpszsu/67645,153K,КАБ,Пуск КАБ на Донеччину.,"🚀
Пуск КАБ на Донеччину."
kpszsu,67650,2026-07-07T11:26:05+00:00,https://t.me/kpszsu/67650,164K,КАБ,КАБи на північ Харківщини.,"🚀
КАБи на північ Харківщини."
kpszsu,67654,2026-07-07T12:27:59+00:00,https://t.me/kpszsu/67654,170K,КАБ,КАБи на Харківщину.,"🚀
КАБи на Харківщину."
kpszsu,67655,2026-07-07T12:38:45+00:00,https://t.me/kpszsu/67655,168K,КАБ,КАБи на Донеччину.,"🚀
КАБи на Донеччину."
kpszsu,67657,2026-07-07T13:18:36+00:00,https://t.me/kpszsu/67657,172K,КАБ,КАБи на Запоріжжі.,"🚀
КАБи на Запоріжжі."
kpszsu,67668,2026-07-07T18:12:43+00:00,https://t.me/kpszsu/67668,203K,КАБ,КАБи на північ Харківщини.,"🚀
КАБи на північ Харківщини."
kpszsu,67669,2026-07-07T18:19:13+00:00,https://t.me/kpszsu/67669,205K,КАБ,КАБи на Донеччину.,"🚀
КАБи на Донеччину."
kpszsu,67670,2026-07-07T19:02:10+00:00,https://t.me/kpszsu/67670,204K,КАБ,КАБи ➡️ на Херсонщину.,"🚀
КАБи
➡️
на Херсонщину."
kpszsu,67671,2026-07-07T19:42:11+00:00,https://t.me/kpszsu/67671,199K,КАБ,КАБи на Запоріжжі.,"🚀
КАБи на Запоріжжі."
kpszsu,67672,2026-07-07T20:23:00+00:00,https://t.me/kpszsu/67672,195K,КАБ,КАБи на Дніпропетровщину.,"🚀
КАБи на Дніпропетровщину."
kpszsu,67676,2026-07-07T21:08:17+00:00,https://t.me/kpszsu/67676,221K,КАБ,КАБи на Запоріжжі.,"🚀
КАБи на Запоріжжі."
kpszsu,67689,2026-07-08T00:26:58+00:00,https://t.me/kpszsu/67689,162K,КАБ,Пуски КАБ на Харківщину та Донеччину,"🚀
Пуски КАБ на Харківщину та Донеччину"
kpszsu,67692,2026-07-08T01:13:26+00:00,https://t.me/kpszsu/67692,148K,КАБ,Пуски КАБ на Запоріжжі.,"🚀
Пуски КАБ на Запоріжжі."
kpszsu,67695,2026-07-08T01:35:23+00:00,https://t.me/kpszsu/67695,158K,КАБ,"Пуски КАБ на Донеччині, курсом на Дніпропетровщину.","🚀
Пуски КАБ на Донеччині, курсом на Дніпропетровщину."
kpszsu,67696,2026-07-08T01:40:39+00:00,https://t.me/kpszsu/67696,161K,КАБ,КАБи на Запоріжжя.,"🚀
КАБи на Запоріжжя."
kpszsu,67698,2026-07-08T02:01:32+00:00,https://t.me/kpszsu/67698,166K,КАБ,КАБи на Запоріжжя.,"🚀
КАБи на Запоріжжя."
kpszsu,67705,2026-07-08T03:06:51+00:00,https://t.me/kpszsu/67705,172K,КАБ,КАБи на Запоріжжі.,"🚀
КАБи на Запоріжжі."
kpszsu,67710,2026-07-08T05:48:52+00:00,https://t.me/kpszsu/67710,144K,КАБ,КАБи на Сумщину.,"🚀
КАБи на Сумщину."
kpszsu,67715,2026-07-08T06:51:55+00:00,https://t.me/kpszsu/67715,146K,КАБ,КАБи на Харківщині,"🚀
КАБи на Харківщині"
kpszsu,67716,2026-07-08T07:03:38+00:00,https://t.me/kpszsu/67716,144K,КАБ,КАБи ➡️ на Донеччину.,"🚀
КАБи
➡️
на Донеччину."
kpszsu,67722,2026-07-08T07:49:16+00:00,https://t.me/kpszsu/67722,134K,КАБ,КАБи ➡️ на схід Дніпропетровщини!,"🚀
КАБи
➡️
на схід Дніпропетровщини!"
kpszsu,67724,2026-07-08T07:59:28+00:00,https://t.me/kpszsu/67724,133K,КАБ,КАБи ➡️ на Донеччину.,"🚀
КАБи
➡️
на Донеччину."
kpszsu,67726,2026-07-08T08:13:52+00:00,https://t.me/kpszsu/67726,132K,КАБ,КАБи ➡️ на Запорізьку область.,"🚀
КАБи
➡️
на Запорізьку область."
kpszsu,67734,2026-07-08T08:42:31+00:00,https://t.me/kpszsu/67734,136K,КАБ,КАБи ➡️ на Запорізьку область.,"🚀
КАБи
➡️
на Запорізьку область."
kpszsu,67756,2026-07-08T12:12:04+00:00,https://t.me/kpszsu/67756,170K,КАБ,КАБи на Сумщині,"🚀
КАБи на Сумщині"
kpszsu,67759,2026-07-08T12:43:47+00:00,https://t.me/kpszsu/67759,182K,КАБ,КАБи на Донеччині.,"🚀
КАБи на Донеччині."
kpszsu,67774,2026-07-08T14:43:02+00:00,https://t.me/kpszsu/67774,150K,КАБ,КАБи на схід Дніпропетровщини!,"🚀
КАБи на схід Дніпропетровщини!"
kpszsu,67776,2026-07-08T14:55:17+00:00,https://t.me/kpszsu/67776,149K,КАБ,КАБи ➡️ на Запорізьку область!,"🚀
КАБи
➡️
на Запорізьку область!"
kpszsu,67793,2026-07-08T17:54:44+00:00,https://t.me/kpszsu/67793,166K,КАБ,КАБи на Сумщині.,"🚀
КАБи на Сумщині."
kpszsu,67794,2026-07-08T18:04:47+00:00,https://t.me/kpszsu/67794,166K,КАБ,КАБи на Донеччині,"🚀
КАБи на Донеччині"
kpszsu,67796,2026-07-08T18:55:34+00:00,https://t.me/kpszsu/67796,166K,КАБ,КАБи на Запоріжжі,"🚀
КАБи на Запоріжжі"
kpszsu,67825,2026-07-09T01:11:52+00:00,https://t.me/kpszsu/67825,75.4K,КАБ,КАБи ➡️ на Донеччину!,"🚀
КАБи
➡️
на Донеччину!"
kpszsu,67826,2026-07-09T01:14:43+00:00,https://t.me/kpszsu/67826,75.6K,КАБ,КАБи ➡️ на Харківщину зі сходу!,"🚀
КАБи
➡️
на Харківщину зі сходу!"
kpszsu,67830,2026-07-09T01:47:55+00:00,https://t.me/kpszsu/67830,70.3K,КАБ,Пуски КАБ ➡️ на Запорізьку область!,"🚀
Пуски КАБ
➡️
на Запорізьку область!"
kpszsu,67831,2026-07-09T01:51:30+00:00,https://t.me/kpszsu/67831,70.8K,КАБ,КАБ ➡️ у напрямку м.Запоріжжя!,"🚀
КАБ
➡️
у напрямку м.Запоріжжя!"
kpszsu,67836,2026-07-09T02:26:12+00:00,https://t.me/kpszsu/67836,76.2K,КАБ,КАБи ➡️ на схід Дніпропетровщини!,"🚀
КАБи
➡️
на схід Дніпропетровщини!"
kpszsu,67837,2026-07-09T02:30:59+00:00,https://t.me/kpszsu/67837,76K,КАБ,КАБи ➡️ на Запорізьку область!,"🚀
КАБи
➡️
на Запорізьку область!"
kpszsu,67844,2026-07-09T03:03:45+00:00,https://t.me/kpszsu/67844,83.9K,КАБ,КАБи ➡️ на Запорізьку область!,"🚀
КАБи
➡️
на Запорізьку область!"
kpszsu,67869,2026-07-09T06:38:00+00:00,https://t.me/kpszsu/67869,147K,КАБ,Пуски КАБ ➡️ на північ Харківщини!,"🚀
Пуски КАБ
➡️
на північ Харківщини!
🚀
Пуски КАБ
➡️
на Донеччину!"
kpszsu,67871,2026-07-09T07:27:22+00:00,https://t.me/kpszsu/67871,148K,КАБ,Пуски КАБ на Херсон.,"🚀
Пуски КАБ на Херсон."
kpszsu,67873,2026-07-09T08:32:45+00:00,https://t.me/kpszsu/67873,150K,КАБ,Пуски КАБ на Дніпропетровщину!,"🚀
Пуски КАБ на Дніпропетровщину!"
kpszsu,67882,2026-07-09T11:53:40+00:00,https://t.me/kpszsu/67882,162K,КАБ,Пуски КАБ на Сумщину.,"🚀
Пуски КАБ на Сумщину."
kpszsu,67883,2026-07-09T12:24:45+00:00,https://t.me/kpszsu/67883,164K,КАБ,Пуски КАБ на Харківщину та Донеччину.,"🚀
Пуски КАБ на Харківщину та Донеччину."
kpszsu,67892,2026-07-09T18:54:43+00:00,https://t.me/kpszsu/67892,163K,КАБ,Пуски КАБ на Запоріжжя та Харківщину.,"🚀
Пуски КАБ на Запоріжжя та Харківщину."
kpszsu,67906,2026-07-09T23:07:44+00:00,https://t.me/kpszsu/67906,124K,КАБ,Пуски КАБ на Сумщину.,"🚀
Пуски КАБ на Сумщину."
kpszsu,67912,2026-07-10T00:42:36+00:00,https://t.me/kpszsu/67912,121K,КАБ,КАБи ➡️ на Донеччину!,"🚀
КАБи
➡️
на Донеччину!"
kpszsu,67919,2026-07-10T02:50:30+00:00,https://t.me/kpszsu/67919,133K,КАБ,КАБи ➡️ на Запорізьку область.,"🚀
КАБи
➡️
на Запорізьку область."
kpszsu,67921,2026-07-10T03:21:10+00:00,https://t.me/kpszsu/67921,131K,КАБ,КАБи ➡️ на Запорізьку область.,"🚀
КАБи
➡️
на Запорізьку область."
kpszsu,67925,2026-07-10T05:38:21+00:00,https://t.me/kpszsu/67925,125K,КАБ,Пуски КАБ на Сумщину.,"🚀
Пуски КАБ на Сумщину."
kpszsu,67927,2026-07-10T06:45:25+00:00,https://t.me/kpszsu/67927,129K,КАБ,КАБи на Донеччину.,"🚀
КАБи на Донеччину."
kpszsu,67932,2026-07-10T07:27:13+00:00,https://t.me/kpszsu/67932,136K,КАБ,КАБи на Донеччину та Сумщину.,"🚀
КАБи на Донеччину та Сумщину."
kpszsu,67933,2026-07-10T07:48:22+00:00,https://t.me/kpszsu/67933,136K,КАБ,КАБи на Запоріжжі.,"🚀
КАБи на Запоріжжі."
kpszsu,67934,2026-07-10T07:53:20+00:00,https://t.me/kpszsu/67934,140K,КАБ,КАБи на Запоріжжі.,"🚀
КАБи на Запоріжжі."
kpszsu,67936,2026-07-10T08:04:07+00:00,https://t.me/kpszsu/67936,146K,БпЛА|КАБ,КАБ на схід Дніпропетровщини.,"🚀
КАБ на схід Дніпропетровщини.
🛵
Реактивний БпЛА на Запоріжжя з півдня."
kpszsu,67939,2026-07-10T08:34:23+00:00,https://t.me/kpszsu/67939,153K,КАБ,КАБи на Запоріжжі.,"🚀
КАБи на Запоріжжі."
kpszsu,67944,2026-07-10T12:02:40+00:00,https://t.me/kpszsu/67944,147K,КАБ,Пуск КАБ на Донеччині.,"🚀
Пуск КАБ на Донеччині."
kpszsu,67945,2026-07-10T12:15:33+00:00,https://t.me/kpszsu/67945,147K,КАБ,Пуски КАБ на Сумщину.,"🚀
Пуски КАБ на Сумщину."
kpszsu,67948,2026-07-10T12:40:57+00:00,https://t.me/kpszsu/67948,151K,КАБ,Пуски КАБ на Запоріжжі.,"🚀
Пуски КАБ на Запоріжжі."
kpszsu,67949,2026-07-10T12:43:30+00:00,https://t.me/kpszsu/67949,152K,КАБ,КАБи у напрямку м. Запоріжжя.,"🚀
КАБи у напрямку м. Запоріжжя."
kpszsu,67950,2026-07-10T12:52:30+00:00,https://t.me/kpszsu/67950,156K,КАБ,Ще КАБи у напрямку м. Запоріжжя.,"🚀
Ще КАБи у напрямку м. Запоріжжя."
kpszsu,67951,2026-07-10T13:25:04+00:00,https://t.me/kpszsu/67951,153K,КАБ,Дніпропетровщина: КАБ на Васильківку.,"🚀
Дніпропетровщина: КАБ на Васильківку."
kpszsu,67953,2026-07-10T13:37:27+00:00,https://t.me/kpszsu/67953,154K,КАБ,Пуски КАБ на Сумщину та Запоріжжя.,"🚀
Пуски КАБ на Сумщину та Запоріжжя."
kpszsu,67965,2026-07-10T17:50:58+00:00,https://t.me/kpszsu/67965,163K,КАБ,КАБи на Сумщину.,"🚀
КАБи на Сумщину."
kpszsu,67966,2026-07-10T17:54:33+00:00,https://t.me/kpszsu/67966,164K,КАБ,КАБи на Харківщину.,"🚀
КАБи на Харківщину."
kpszsu,67968,2026-07-10T18:51:44+00:00,https://t.me/kpszsu/67968,168K,КАБ,КАБи на Дніпропетровщину.,"🚀
КАБи на Дніпропетровщину."
kpszsu,67969,2026-07-10T20:20:04+00:00,https://t.me/kpszsu/67969,164K,КАБ,КАБи на Запоріжжі.,"🚀
КАБи на Запоріжжі."
kpszsu,67976,2026-07-10T23:46:12+00:00,https://t.me/kpszsu/67976,152K,КАБ,КАБи на Сумщину.,"🚀
КАБи на Сумщину."
kpszsu,67977,2026-07-10T23:52:06+00:00,https://t.me/kpszsu/67977,154K,КАБ,КАБи на Донеччину.,"🚀
КАБи на Донеччину."
kpszsu,67978,2026-07-11T00:08:20+00:00,https://t.me/kpszsu/67978,155K,КАБ,КАБи на північ Харківщини.,"🚀
КАБи на північ Харківщини."
kpszsu,67987,2026-07-11T01:33:47+00:00,https://t.me/kpszsu/67987,142K,КАБ,Пуски КАБ на Запоріжжі.,"🚀
Пуски КАБ на Запоріжжі."
kpszsu,67990,2026-07-11T01:52:56+00:00,https://t.me/kpszsu/67990,133K,БпЛА|КАБ,Запоріжжя: БпЛА та КАБ на Комишуваху,Запоріжжя: БпЛА та КАБ на Комишуваху
kpszsu,67991,2026-07-11T01:53:59+00:00,https://t.me/kpszsu/67991,129K,КАБ,Пуски КАБ на схід Дніпропетровщини.,"🚀
Пуски КАБ на схід Дніпропетровщини."
kpszsu,68012,2026-07-11T06:03:03+00:00,https://t.me/kpszsu/68012,110K,КАБ,Пуски КАБ на північ Харківщини.,"🚀
Пуски КАБ на північ Харківщини."
kpszsu,68013,2026-07-11T06:04:48+00:00,https://t.me/kpszsu/68013,110K,КАБ,Пуски КАБ на Донеччину.,"🚀
Пуски КАБ на Донеччину."
kpszsu,68014,2026-07-11T06:10:30+00:00,https://t.me/kpszsu/68014,117K,КАБ,КАБи н схід Харківщини!,"🚀
КАБи н схід Харківщини!"
kpszsu,68018,2026-07-11T06:31:42+00:00,https://t.me/kpszsu/68018,116K,БпЛА|КАБ,КАБи на північний схід  Харківщини!,"🚀
КАБи на північний схід  Харківщини!
🛵
БпЛА на Харків із півночі"
kpszsu,68022,2026-07-11T06:49:32+00:00,https://t.me/kpszsu/68022,125K,КАБ,КАБи на Донеччину!,"🚀
КАБи на Донеччину!"
kpszsu,68024,2026-07-11T07:05:32+00:00,https://t.me/kpszsu/68024,127K,КАБ,КАБи на північний схід  Харківщини та Донеччину!,"🚀
КАБи на північний схід  Харківщини та Донеччину!"
kpszsu,68029,2026-07-11T07:54:22+00:00,https://t.me/kpszsu/68029,126K,КАБ,КАБи на Дніпропетровщину та Донеччину!,"🚀
КАБи на Дніпропетровщину та Донеччину!"
kpszsu,68036,2026-07-11T09:11:54+00:00,https://t.me/kpszsu/68036,118K,КАБ,КАБи на Дніпропетровщину!,"🚀
КАБи на Дніпропетровщину!"
kpszsu,68043,2026-07-11T11:26:36+00:00,https://t.me/kpszsu/68043,125K,КАБ,КАБи на Сумщину.,"🚀
КАБи на Сумщину."
kpszsu,68044,2026-07-11T11:47:08+00:00,https://t.me/kpszsu/68044,130K,КАБ,КАБи на Харківщину.,"🚀
КАБи на Харківщину."
kpszsu,68053,2026-07-11T13:07:45+00:00,https://t.me/kpszsu/68053,105K,КАБ,КАБи на Дніпропетровщину!,"🚀
КАБи на Дніпропетровщину!"
kpszsu,68059,2026-07-11T13:44:35+00:00,https://t.me/kpszsu/68059,100K,КАБ,КАБи на Дніпропетровщину!,КАБи на Дніпропетровщину!
kpszsu,68060,2026-07-11T13:48:50+00:00,https://t.me/kpszsu/68060,101K,КАБ,КАБи на Херсонщину!,"🚀
КАБи на Херсонщину!"
kpszsu,68061,2026-07-11T13:51:35+00:00,https://t.me/kpszsu/68061,102K,КАБ,КАБи на Дніпропетровщину!,КАБи на Дніпропетровщину!
kpszsu,68063,2026-07-11T14:03:16+00:00,https://t.me/kpszsu/68063,100K,КАБ,КАБи на Запорізьку область!,"🚀
КАБи на Запорізьку область!"
kpszsu,68065,2026-07-11T14:09:34+00:00,https://t.me/kpszsu/68065,108K,КАБ,КАБи на Запорізьку область!,"🚀
КАБи на Запорізьку область!"
kpszsu,68067,2026-07-11T14:29:53+00:00,https://t.me/kpszsu/68067,107K,КАБ,КАБи на Дніпропетровщину!,"🚀
КАБи на Дніпропетровщину!"
kpszsu,68088,2026-07-11T17:42:21+00:00,https://t.me/kpszsu/68088,127K,КАБ,КАБи на північний схід Харківщини!,"🚀
КАБи на північний схід Харківщини!"
kpszsu,68091,2026-07-11T18:06:49+00:00,https://t.me/kpszsu/68091,136K,КАБ,КАБи на північний схід Харківщини!,"🚀
КАБи на північний схід Харківщини!"
kpszsu,68093,2026-07-11T18:21:19+00:00,https://t.me/kpszsu/68093,139K,КАБ,КАБи на північний схід Харківщини!,"🚀
КАБи на північний схід Харківщини!"
kpszsu,68096,2026-07-11T19:25:07+00:00,https://t.me/kpszsu/68096,140K,КАБ,КАБи на Запоріжжя.,"🚀
КАБи на Запоріжжя."
kpszsu,68103,2026-07-11T20:48:56+00:00,https://t.me/kpszsu/68103,133K,КАБ,КАБи на Запоріжжя.,"🚀
КАБи на Запоріжжя."
kpszsu,68115,2026-07-12T00:09:01+00:00,https://t.me/kpszsu/68115,86.2K,КАБ,КАБи на Дніпропетровщину!,"🚀
КАБи на Дніпропетровщину!"
kpszsu,68117,2026-07-12T00:25:04+00:00,https://t.me/kpszsu/68117,83.1K,КАБ,КАБи на схід Сумщини!,"🚀
КАБи на схід Сумщини!"
kpszsu,68120,2026-07-12T00:33:43+00:00,https://t.me/kpszsu/68120,86.5K,БпЛА|КАБ,КАБи на північний схід Харківщини!,"🚀
КАБи на північний схід Харківщини!
🛵
БпЛА на Харків з півночі"
kpszsu,68124,2026-07-12T01:24:47+00:00,https://t.me/kpszsu/68124,74K,КАБ,КАБи на схід Харківщини!,"🚀
КАБи на схід Харківщини!"
kpszsu,68125,2026-07-12T01:38:00+00:00,https://t.me/kpszsu/68125,73.5K,КАБ,КАБи на Запорізьку область та Донеччину!,"🚀
КАБи на Запорізьку область та Донеччину!"
kpszsu,68128,2026-07-12T02:15:11+00:00,https://t.me/kpszsu/68128,73.2K,КАБ,КАБи на Запорізьку область!,"🚀
КАБи на Запорізьку область!"
kpszsu,68130,2026-07-12T02:26:46+00:00,https://t.me/kpszsu/68130,74.7K,КАБ,КАБи на південний схід Харківщини!,"🚀
КАБи на південний схід Харківщини!"
kpszsu,68134,2026-07-12T02:33:06+00:00,https://t.me/kpszsu/68134,79.6K,КАБ,КАБи на Запоріжжя!,"🚀
КАБи на Запоріжжя!"
kpszsu,68138,2026-07-12T03:01:13+00:00,https://t.me/kpszsu/68138,87.5K,БпЛА|КАБ,КАБи на Запорізьку область!,"🚀
КАБи на Запорізьку область!
🛵
Реактивний БпЛА в Криворізькому районі Дніпропетровщини
➡️
північним курсом"
kpszsu,68142,2026-07-12T04:09:17+00:00,https://t.me/kpszsu/68142,87.6K,КАБ,КАБи на Запорізьку область!,"🚀
КАБи на Запорізьку область!"
kpszsu,68151,2026-07-12T06:02:16+00:00,https://t.me/kpszsu/68151,105K,КАБ,КАБи на Дніпропетровщину!,"🚀
КАБи на Дніпропетровщину!"
kpszsu,68152,2026-07-12T06:16:58+00:00,https://t.me/kpszsu/68152,105K,КАБ,КАБи на Сумщину.,"🚀
КАБи на Сумщину."
kpszsu,68154,2026-07-12T07:29:40+00:00,https://t.me/kpszsu/68154,111K,БпЛА|КАБ,КАБи на схід Харківщини!,"🛵
Реактивний БпЛА в акваторії Чорного моря, курсом на Південне.
🚀
КАБи на схід Харківщини!"
kpszsu,68218,2026-07-12T17:54:38+00:00,https://t.me/kpszsu/68218,128K,КАБ,КАБи на Донеччину!,"🚀
КАБи на Донеччину!"
kpszsu,68219,2026-07-12T18:03:19+00:00,https://t.me/kpszsu/68219,126K,КАБ,КАБи на північ Харківщини.,"🚀
КАБи на північ Харківщини."
kpszsu,68260,2026-07-12T23:56:24+00:00,https://t.me/kpszsu/68260,77.6K,КАБ,Пуски КАБ на схід Дніпропетровщини!,"🚀
Пуски КАБ на схід Дніпропетровщини!"
kpszsu,68284,2026-07-13T06:28:04+00:00,https://t.me/kpszsu/68284,101K,КАБ,КАБи на Сумщину.,"🚀
КАБи на Сумщину."
kpszsu,68287,2026-07-13T06:58:55+00:00,https://t.me/kpszsu/68287,108K,КАБ,Пуски КАБ на Херсонщині.,"🚀
Пуски КАБ на Херсонщині."
kpszsu,68288,2026-07-13T07:00:23+00:00,https://t.me/kpszsu/68288,111K,КАБ,КАБ на Херсон.,"🚀
КАБ на Херсон."
kpszsu,68290,2026-07-13T07:08:47+00:00,https://t.me/kpszsu/68290,119K,КАБ,КАБи на Херсон.,"🚀
КАБи на Херсон."
kpszsu,68293,2026-07-13T07:24:47+00:00,https://t.me/kpszsu/68293,133K,КАБ,КАБи на Ізюм.,"🚀
КАБи на Ізюм."
kpszsu,68295,2026-07-13T07:31:38+00:00,https://t.me/kpszsu/68295,128K,КАБ,КАБи на Запорізьку область.,"🚀
КАБи на Запорізьку область."
kpszsu,68296,2026-07-13T07:34:23+00:00,https://t.me/kpszsu/68296,129K,КАБ,КАБ у напрямку м. Запоріжжя.,"🚀
КАБ у напрямку м. Запоріжжя."
kpszsu,68300,2026-07-13T08:16:11+00:00,https://t.me/kpszsu/68300,132K,КАБ,КАБи на Дніпропетровщину.,"🚀
КАБи на Дніпропетровщину."
kpszsu,68302,2026-07-13T08:58:56+00:00,https://t.me/kpszsu/68302,133K,КАБ,КАБи на Запорізьку область.,"🚀
КАБи на Запорізьку область."
kpszsu,68310,2026-07-13T12:09:13+00:00,https://t.me/kpszsu/68310,120K,КАБ,КАБи на Донеччину.,"🚀
КАБи на Донеччину."
kpszsu,68316,2026-07-13T12:32:58+00:00,https://t.me/kpszsu/68316,133K,КАБ,Пуски КАБ на Херсонщині.,"🚀
Пуски КАБ на Херсонщині."
kpszsu,68317,2026-07-13T12:40:55+00:00,https://t.me/kpszsu/68317,127K,КАБ,Пуски КАБ на північ Харківщини.,"🚀
Пуски КАБ на північ Харківщини."
kpszsu,68319,2026-07-13T13:01:29+00:00,https://t.me/kpszsu/68319,128K,КАБ,КАБи на Запорізьку область.,"🚀
КАБи на Запорізьку область."
kpszsu,68320,2026-07-13T13:02:57+00:00,https://t.me/kpszsu/68320,130K,КАБ,Харків - КАБи в напрямку міста!,"🚀
Харків - КАБи в напрямку міста!"
kpszsu,68321,2026-07-13T13:06:01+00:00,https://t.me/kpszsu/68321,133K,КАБ,Запоріжжя - КАБи в напрямку міста!,"🚀
Запоріжжя - КАБи в напрямку міста!"
kpszsu,68324,2026-07-13T13:28:53+00:00,https://t.me/kpszsu/68324,134K,КАБ,КАБи на Сумщину.,"🚀
КАБи на Сумщину."
kpszsu,68326,2026-07-13T13:49:50+00:00,https://t.me/kpszsu/68326,140K,КАБ,КАБи на Запорізьку та Дніпропетровську області.,"🚀
КАБи на Запорізьку та Дніпропетровську області."
kpszsu,68339,2026-07-13T17:59:33+00:00,https://t.me/kpszsu/68339,147K,КАБ,КАБи на Донеччину.,"🚀
КАБи на Донеччину."
kpszsu,68340,2026-07-13T18:01:58+00:00,https://t.me/kpszsu/68340,149K,КАБ,КАБи на Харківщину.,"🚀
КАБи на Харківщину."
kpszsu,68344,2026-07-13T18:15:56+00:00,https://t.me/kpszsu/68344,159K,КАБ,КАБи на  Сумщину.,"🚀
КАБи на  Сумщину."
kpszsu,68346,2026-07-13T18:42:18+00:00,https://t.me/kpszsu/68346,163K,КАБ,КАБи на Донеччину.,"🚀
КАБи на Донеччину."
kpszsu,68347,2026-07-13T18:54:02+00:00,https://t.me/kpszsu/68347,167K,КАБ,КАБи на Запорізьку область.,"🚀
КАБи на Запорізьку область."
kpszsu,68350,2026-07-13T19:28:24+00:00,https://t.me/kpszsu/68350,170K,КАБ,КАБи на Дніпропетровщину.,"🚀
КАБи на Дніпропетровщину."
kpszsu,68369,2026-07-13T23:53:06+00:00,https://t.me/kpszsu/68369,107K,КАБ,КАБи на Донеччину.,"🚀
КАБи на Донеччину."
kpszsu,68371,2026-07-14T00:20:08+00:00,https://t.me/kpszsu/68371,113K,КАБ,Пуски КАБ на північний схід Харківщини та схід Дніпропетровщини.,"🚀
Пуски КАБ на північний схід Харківщини та схід Дніпропетровщини."
kpszsu,68375,2026-07-14T01:32:43+00:00,https://t.me/kpszsu/68375,123K,КАБ,Пуски КАБ на Запоріжжі.,"🚀
Пуски КАБ на Запоріжжі."
kpszsu,68376,2026-07-14T01:45:47+00:00,https://t.me/kpszsu/68376,127K,КАБ,КАБ у напрямку м. Запоріжжя.,"🚀
КАБ у напрямку м. Запоріжжя."
kpszsu,68386,2026-07-14T03:08:17+00:00,https://t.me/kpszsu/68386,140K,КАБ,Пуски КАБ на Запоріжжі.,"🚀
Пуски КАБ на Запоріжжі."
kpszsu,68413,2026-07-14T08:36:49+00:00,https://t.me/kpszsu/68413,144K,КАБ,КАБи на Запорізьку область.,"🚀
КАБи на Запорізьку область."
kpszsu,68425,2026-07-14T12:11:00+00:00,https://t.me/kpszsu/68425,144K,КАБ,КАБи на Сумщину.,"🚀
КАБи на Сумщину."
kpszsu,68427,2026-07-14T12:14:45+00:00,https://t.me/kpszsu/68427,142K,КАБ,КАБи на Донеччину та Харківщину.,"🚀
КАБи на Донеччину та Харківщину."
kpszsu,68431,2026-07-14T12:37:22+00:00,https://t.me/kpszsu/68431,132K,КАБ,"КАБи на Донеччину,  на південно-східний напрямок Дніпропетровщини.","🚀
КАБи на Донеччину,  на південно-східний напрямок Дніпропетровщини."
kpszsu,68432,2026-07-14T12:41:43+00:00,https://t.me/kpszsu/68432,128K,КАБ,КАБи на Запорізьку область.,"🚀
КАБи на Запорізьку область."
kpszsu,68435,2026-07-14T12:51:53+00:00,https://t.me/kpszsu/68435,127K,БпЛА|КАБ,КАБи на Харківщину.,"🚀
КАБи на Харківщину.
🛵
Реактивний БпЛА на Харків."
kpszsu,68437,2026-07-14T12:56:12+00:00,https://t.me/kpszsu/68437,125K,БпЛА|КАБ,КАБи на Донеччину.,"🛵
Реактивний БпЛА на Кривий Ріг з півдня.
🚀
КАБи на Донеччину."
kpszsu,68439,2026-07-14T13:18:16+00:00,https://t.me/kpszsu/68439,112K,КАБ,КАБи на Запорізьку область.,"🚀
КАБи на Запорізьку область."
kpszsu,68440,2026-07-14T13:19:44+00:00,https://t.me/kpszsu/68440,107K,КАБ,КАБи на Запорізьку область.,"🚀
КАБи на Запорізьку область."
kpszsu,68464,2026-07-14T17:44:53+00:00,https://t.me/kpszsu/68464,141K,КАБ,КАБи на північ Харківщини.,"🚀
КАБи на північ Харківщини."
kpszsu,68465,2026-07-14T17:45:29+00:00,https://t.me/kpszsu/68465,140K,КАБ,КАБи на Донеччину.,"🚀
КАБи на Донеччину."
kpszsu,68471,2026-07-14T19:13:44+00:00,https://t.me/kpszsu/68471,134K,КАБ,КАБи на Запорізьку область.,"🚀
КАБи на Запорізьку область."
kpszsu,68476,2026-07-14T19:46:54+00:00,https://t.me/kpszsu/68476,124K,КАБ,КАБи на Донеччину.,"🚀
КАБи на Донеччину."
kpszsu,68478,2026-07-14T20:06:13+00:00,https://t.me/kpszsu/68478,122K,КАБ,"КАБи на Запорізьку область, курсом на південь Дніпропетровщини.","🚀
КАБи на Запорізьку область, курсом на південь Дніпропетровщини."
kpszsu,68482,2026-07-14T20:36:23+00:00,https://t.me/kpszsu/68482,108K,КАБ,"КАБи на Запорізьку область, курсом на південь Дніпропетровщини.","🚀
КАБи на Запорізьку область, курсом на південь Дніпропетровщини."
kpszsu,68483,2026-07-14T20:42:22+00:00,https://t.me/kpszsu/68483,106K,КАБ,КАБи на Донеччину.,"🚀
КАБи на Донеччину."
kpszsu,68499,2026-07-14T23:45:30+00:00,https://t.me/kpszsu/68499,79.6K,КАБ,КАБи на Харківщину.,"🚀
КАБи на Харківщину."
kpszsu,68500,2026-07-14T23:48:48+00:00,https://t.me/kpszsu/68500,81.5K,КАБ,КАБи на Донеччину.,"🚀
КАБи на Донеччину."
kpszsu,68504,2026-07-15T00:33:20+00:00,https://t.me/kpszsu/68504,80.9K,КАБ,КАБи на північ Харківщини.,"🚀
КАБи на північ Харківщини."
kpszsu,68511,2026-07-15T03:05:39+00:00,https://t.me/kpszsu/68511,103K,КАБ,КАБи на Запорізьку область.,"🚀
КАБи на Запорізьку область."
kpszsu,68524,2026-07-15T05:58:48+00:00,https://t.me/kpszsu/68524,104K,КАБ,КАБи на Донеччину!,"🚀
КАБи на Донеччину!"
kpszsu,68525,2026-07-15T05:59:39+00:00,https://t.me/kpszsu/68525,108K,КАБ,КАБи на північ Сумщини!,"🚀
КАБи на північ Сумщини!"
kpszsu,68526,2026-07-15T06:07:28+00:00,https://t.me/kpszsu/68526,111K,КАБ,КАБи на  Сумщину!,"🚀
КАБи на  Сумщину!"
kpszsu,68528,2026-07-15T06:12:52+00:00,https://t.me/kpszsu/68528,116K,КАБ,КАБ у напрямку Сум!,"🚀
КАБ у напрямку Сум!"
kpszsu,68530,2026-07-15T06:19:10+00:00,https://t.me/kpszsu/68530,122K,КАБ,КАБ у напрямку Сум!,"🚀
КАБ у напрямку Сум!"
kpszsu,68533,2026-07-15T07:05:00+00:00,https://t.me/kpszsu/68533,124K,КАБ,"КАБи на Харківщину, Донеччину!","🚀
КАБи на Харківщину, Донеччину!"
kpszsu,68539,2026-07-15T08:03:10+00:00,https://t.me/kpszsu/68539,129K,КАБ,КАБи на Запоріжжя.,"🚀
КАБи на Запоріжжя."
kpszsu,68541,2026-07-15T09:16:00+00:00,https://t.me/kpszsu/68541,131K,БпЛА|КАБ,КАБи на Запорізьку область!,"🚀
КАБи на Запорізьку область!
🛵
БпЛА на Запоріжжя з південного сходу"
kpszsu,68548,2026-07-15T11:44:39+00:00,https://t.me/kpszsu/68548,143K,КАБ,КАБи на Сумщину.,"🚀
КАБи на Сумщину."
kpszsu,68550,2026-07-15T12:13:05+00:00,https://t.me/kpszsu/68550,142K,КАБ,КАБи на Харківщину.,"🚀
КАБи на Харківщину."
kpszsu,68551,2026-07-15T12:35:12+00:00,https://t.me/kpszsu/68551,142K,КАБ,КАБи на Дніпропетровщину.,"🚀
КАБи на Дніпропетровщину."
kpszsu,68552,2026-07-15T13:01:48+00:00,https://t.me/kpszsu/68552,142K,КАБ,КАБи на Запоріжжя.,"🚀
КАБи на Запоріжжя."
kpszsu,68554,2026-07-15T13:58:17+00:00,https://t.me/kpszsu/68554,140K,КАБ,КАБи на Запорізьку область!,"🚀
КАБи на Запорізьку область!"
kpszsu,68591,2026-07-15T18:21:03+00:00,https://t.me/kpszsu/68591,181K,КАБ,КАБи на північ Сумщини.,"🚀
КАБи на північ Сумщини."
kpszsu,68593,2026-07-15T19:25:33+00:00,https://t.me/kpszsu/68593,178K,КАБ,"КАБи на Дніпропетровщину, Харківщину, Донеччину.","🚀
КАБи на Дніпропетровщину, Харківщину, Донеччину."
kpszsu,68596,2026-07-15T20:36:09+00:00,https://t.me/kpszsu/68596,173K,КАБ,КАБи на Запоріжжя.,"🚀
КАБи на Запоріжжя."
kpszsu,68625,2026-07-16T00:06:58+00:00,https://t.me/kpszsu/68625,91.2K,КАБ,КАБи на Донеччину!,"🚀
КАБи на Донеччину!"
kpszsu,68626,2026-07-16T00:20:07+00:00,https://t.me/kpszsu/68626,91.4K,КАБ,КАБи на північний схід Харківщини!,"🚀
КАБи на північний схід Харківщини!"
kpszsu,68628,2026-07-16T00:29:32+00:00,https://t.me/kpszsu/68628,87.3K,КАБ,Повторні пуски КАБів на Донеччину та північний схід Харківщини!,"🚀
Повторні пуски КАБів на Донеччину та північний схід Харківщини!"
kpszsu,68630,2026-07-16T00:56:00+00:00,https://t.me/kpszsu/68630,88.8K,КАБ,КАБи на Дніпропетровщину!,"🚀
КАБи на Дніпропетровщину!"
kpszsu,68632,2026-07-16T01:23:06+00:00,https://t.me/kpszsu/68632,90.2K,КАБ,КАБи на Запорізьку область та Дніпропетровщину!,"🚀
КАБи на Запорізьку область та Дніпропетровщину!"
kpszsu,68636,2026-07-16T01:54:24+00:00,https://t.me/kpszsu/68636,78.7K,КАБ,Повторні пуски КАБів на Запорізьку область!,"🚀
Повторні пуски КАБів на Запорізьку область!"
kpszsu,68653,2026-07-16T03:33:11+00:00,https://t.me/kpszsu/68653,107K,КАБ,КАБи на Запорізьку область!,"🚀
КАБи на Запорізьку область!"
kpszsu,68672,2026-07-16T06:59:48+00:00,https://t.me/kpszsu/68672,109K,КАБ,КАБи ➡️ на Донеччину та на Харківщину зі сходу.,"🚀
КАБи
➡️
на Донеччину та на Харківщину зі сходу."
kpszsu,68675,2026-07-16T07:27:16+00:00,https://t.me/kpszsu/68675,100K,КАБ,КАБи ➡️ на Сумщину!,"🚀
КАБи
➡️
на Сумщину!"
kpszsu,68679,2026-07-16T07:38:18+00:00,https://t.me/kpszsu/68679,103K,КАБ,КАБи ➡️ на Донеччину та схід Дніпропетровщини.,"🚀
КАБи
➡️
на Донеччину та схід Дніпропетровщини."
kpszsu,68683,2026-07-16T07:59:56+00:00,https://t.me/kpszsu/68683,100K,КАБ,КАБи ➡️ на Запорізьку область.,"🚀
КАБи
➡️
на Запорізьку область."
kpszsu,68713,2026-07-16T12:11:31+00:00,https://t.me/kpszsu/68713,122K,КАБ,"Пуски КАБ на Харківщині, Донеччині та Дніпропетровщині.","🚀
Пуски КАБ на Харківщині, Донеччині та Дніпропетровщині."
kpszsu,68717,2026-07-16T12:54:38+00:00,https://t.me/kpszsu/68717,127K,КАБ,КАБи на Херсонщині.,"🚀
КАБи на Херсонщині."
kpszsu,68718,2026-07-16T13:01:30+00:00,https://t.me/kpszsu/68718,127K,КАБ,КАБи на Дніпропетровщині.,"🚀
КАБи на Дніпропетровщині."
kpszsu,68720,2026-07-16T13:12:15+00:00,https://t.me/kpszsu/68720,124K,КАБ,КАБи на  Запоріжжі,"🚀
КАБи на  Запоріжжі"
kpszsu,68764,2026-07-16T18:27:06+00:00,https://t.me/kpszsu/68764,111K,КАБ,КАБ у напрямку Сум!,"🚀
КАБ у напрямку Сум!"
kpszsu,68769,2026-07-16T18:48:42+00:00,https://t.me/kpszsu/68769,117K,КАБ,КАБи на півночі Харківщини,"🚀
КАБи на півночі Харківщини"
kpszsu,68770,2026-07-16T18:50:57+00:00,https://t.me/kpszsu/68770,117K,КАБ,Пуски КАБ на Донеччині.,"🚀
Пуски КАБ на Донеччині."
kpszsu,68772,2026-07-16T19:00:39+00:00,https://t.me/kpszsu/68772,115K,КАБ,Пуски КАБ на Запоріжжі.,"🚀
Пуски КАБ на Запоріжжі."
kpszsu,68782,2026-07-16T19:53:01+00:00,https://t.me/kpszsu/68782,124K,КАБ,Пуски КАБ на Запоріжжі та Дніпропетровщині.,"🚀
Пуски КАБ на Запоріжжі та Дніпропетровщині."
kpszsu,68791,2026-07-16T23:47:22+00:00,https://t.me/kpszsu/68791,85.1K,КАБ,Пуски КАБ на Донеччині.,"🚀
Пуски КАБ на Донеччині."
kpszsu,68795,2026-07-16T23:59:35+00:00,https://t.me/kpszsu/68795,74.4K,КАБ,Пуски КАБ на Сумщині,"🚀
Пуски КАБ на Сумщині"
kpszsu,68796,2026-07-17T00:10:49+00:00,https://t.me/kpszsu/68796,73.2K,КАБ,Пуски КАБ на Сумщині,"🚀
Пуски КАБ на Сумщині"
kpszsu,68798,2026-07-17T00:33:18+00:00,https://t.me/kpszsu/68798,68.4K,КАБ,Пуски КАБ ➡️ на схід Дніпропетровщини!,"🚀
Пуски КАБ
➡️
на схід Дніпропетровщини!"
kpszsu,68803,2026-07-17T00:57:33+00:00,https://t.me/kpszsu/68803,73K,КАБ,Пуски КАБ ➡️ на Донеччину!,"🚀
Пуски КАБ
➡️
на Донеччину!"
kpszsu,68804,2026-07-17T01:07:47+00:00,https://t.me/kpszsu/68804,75.2K,КАБ,Пуски КАБ ➡️ на Харківщину зі сходу!,"🚀
Пуски КАБ
➡️
на Харківщину зі сходу!"
kpszsu,68808,2026-07-17T01:33:50+00:00,https://t.me/kpszsu/68808,76.3K,КАБ,Пуски КАБ ➡️ на Запорізьку область!,"🚀
Пуски КАБ
➡️
на Запорізьку область!"
kpszsu,68809,2026-07-17T01:40:26+00:00,https://t.me/kpszsu/68809,76.2K,КАБ,Пуски КАБ ➡️ на Харківщину зі сходу!,"🚀
Пуски КАБ
➡️
на Харківщину зі сходу!"
kpszsu,68810,2026-07-17T01:46:25+00:00,https://t.me/kpszsu/68810,82.4K,КАБ,Пуски КАБ ➡️ на Запорізьку область!,"🚀
Пуски КАБ
➡️
на Запорізьку область!"
kpszsu,68826,2026-07-17T02:36:46+00:00,https://t.me/kpszsu/68826,99.3K,КАБ,Пуски КАБ ➡️ на схід Дніпропетровщини!,"🚀
Пуски КАБ
➡️
на схід Дніпропетровщини!"
kpszsu,68828,2026-07-17T03:10:47+00:00,https://t.me/kpszsu/68828,102K,БпЛА|КАБ,КАБи ➡️ на Запорізьку область!,"🚀
КАБи
➡️
на Запорізьку область!
🛵
БпЛА на півдні від Сум, курс - західний,
🛵
БпЛА на півдні від Полтави, курс - на місто."
kpszsu,68844,2026-07-17T05:47:09+00:00,https://t.me/kpszsu/68844,125K,КАБ,КАБи ➡️ на Донеччину!,"🚀
КАБи
➡️
на Донеччину!"
kpszsu,68847,2026-07-17T06:12:27+00:00,https://t.me/kpszsu/68847,123K,КАБ,КАБи ➡️ на Сумщину!,"🚀
КАБи
➡️
на Сумщину!"
kpszsu,68849,2026-07-17T06:41:15+00:00,https://t.me/kpszsu/68849,118K,КАБ,КАБи ➡️ на Донеччину.,"🚀
КАБи
➡️
на Донеччину."
kpszsu,68856,2026-07-17T08:15:31+00:00,https://t.me/kpszsu/68856,109K,КАБ,КАБи ➡️ на Донеччину.,"🚀
КАБи
➡️
на Донеччину."
kpszsu,68858,2026-07-17T08:41:32+00:00,https://t.me/kpszsu/68858,117K,БпЛА|КАБ,КАБи ➡️ на Запорізьку область.,"🚀
КАБи
➡️
на Запорізьку область.
🛵
БпЛА на Харківщині:
- на Харків з півночі;
на заході, на північно-західний напрямок.
🛵
БпЛА на сході Сумщини, курс на південь.
🛵
БпЛА на сході від Запоріжжя, курс на північ."
kpszsu,68871,2026-07-17T11:54:56+00:00,https://t.me/kpszsu/68871,109K,КАБ,КАБи ➡️ на Харківщину.,"🚀
КАБи
➡️
на Харківщину."
kpszsu,68872,2026-07-17T11:58:54+00:00,https://t.me/kpszsu/68872,106K,КАБ,КАБи ➡️ на Донеччину.,"🚀
КАБи
➡️
на Донеччину."
kpszsu,68880,2026-07-17T12:40:57+00:00,https://t.me/kpszsu/68880,107K,КАБ,КАБи ➡️ на Харківщину зі сходу.,"🚀
КАБи
➡️
на Харківщину зі сходу."
kpszsu,68883,2026-07-17T13:08:25+00:00,https://t.me/kpszsu/68883,106K,КАБ,КАБи ➡️ на Харківщину з півночі.,"🚀
КАБи
➡️
на Харківщину з півночі."
kpszsu,68884,2026-07-17T13:22:38+00:00,https://t.me/kpszsu/68884,108K,БпЛА|КАБ,КАБи ➡️ на Запорізьку область.,"🚀
КАБи
➡️
на Запорізьку область.
🛵
Реактивний БпЛА на півночі Чернігівщини, курс на південь."
kpszsu,68886,2026-07-17T13:24:22+00:00,https://t.me/kpszsu/68886,109K,КАБ,КАБи  в напрямку Запоріжжя.,"🚀
КАБи  в напрямку Запоріжжя."
kpszsu,68888,2026-07-17T13:43:26+00:00,https://t.me/kpszsu/68888,109K,КАБ,КАБи ➡️ на Харківщину зі сходу.,"🚀
КАБи
➡️
на Харківщину зі сходу."
kpszsu,68889,2026-07-17T13:52:22+00:00,https://t.me/kpszsu/68889,110K,КАБ,"КАБи ➡️ на Донеччину, в напрямку Дніпропетровщини.","🚀
КАБи
➡️
на Донеччину, в напрямку Дніпропетровщини."
kpszsu,68892,2026-07-17T13:56:59+00:00,https://t.me/kpszsu/68892,111K,КАБ,КАБи ➡️ на Запорізьку область.,"🚀
КАБи
➡️
на Запорізьку область."
kpszsu,68917,2026-07-17T17:55:57+00:00,https://t.me/kpszsu/68917,138K,КАБ,КАБи ➡️ на Сумщину!,"🚀
КАБи
➡️
на Сумщину!"
kpszsu,68921,2026-07-17T18:51:06+00:00,https://t.me/kpszsu/68921,122K,КАБ,КАБи ➡️ на Сумщину!,"🚀
КАБи
➡️
на Сумщину!"
kpszsu,68923,2026-07-17T19:12:10+00:00,https://t.me/kpszsu/68923,121K,КАБ,КАБи ➡️ на Запорізьку область!,"🚀
КАБи
➡️
на Запорізьку область!"
kpszsu,68924,2026-07-17T19:14:04+00:00,https://t.me/kpszsu/68924,121K,КАБ,КАБи ➡️ на Запорізьку область!,"🚀
КАБи
➡️
на Запорізьку область!"
kpszsu,68926,2026-07-17T19:31:53+00:00,https://t.me/kpszsu/68926,116K,КАБ,КАБи ➡️ на Донеччину та Запоріжжя!,"🚀
КАБи
➡️
на Донеччину та Запоріжжя!"
kpszsu,68930,2026-07-17T19:58:30+00:00,https://t.me/kpszsu/68930,116K,КАБ,КАБи з Донеччини на південь Дніпропетровщини.,"🚀
КАБи з Донеччини на південь Дніпропетровщини."
kpszsu,68937,2026-07-17T20:47:23+00:00,https://t.me/kpszsu/68937,118K,КАБ,КАБи ➡️ на Запорізьку область!,"🚀
КАБи
➡️
на Запорізьку область!"
kpszsu,68944,2026-07-17T21:33:00+00:00,https://t.me/kpszsu/68944,142K,КАБ,КАБи ➡️ на схід Харківщини.,"🚀
КАБи
➡️
на схід Харківщини."
kpszsu,68966,2026-07-18T00:05:53+00:00,https://t.me/kpszsu/68966,85K,КАБ,КАБи ➡️ на Харківщину.,"🚀
КАБи
➡️
на Харківщину."
kpszsu,68971,2026-07-18T01:54:31+00:00,https://t.me/kpszsu/68971,94.9K,КАБ,КАБи ➡️ на Запорізьку область!,"🚀
КАБи
➡️
на Запорізьку область!"
kpszsu,68975,2026-07-18T02:30:03+00:00,https://t.me/kpszsu/68975,96.9K,КАБ,КАБи ➡️ на Запорізьку область!,"🚀
КАБи
➡️
на Запорізьку область!"
kpszsu,68986,2026-07-18T06:08:16+00:00,https://t.me/kpszsu/68986,70.6K,КАБ,КАБи на схід Харківщини!,"🚀
КАБи на схід Харківщини!"
kpszsu,68987,2026-07-18T06:14:50+00:00,https://t.me/kpszsu/68987,73.1K,КАБ,КАБи на північ Харківщини!,"🚀
КАБи на північ Харківщини!"
kpszsu,68988,2026-07-18T06:20:33+00:00,https://t.me/kpszsu/68988,75.9K,КАБ,КАБи на північ Харківщини!,"🚀
КАБи на північ Харківщини!"
kpszsu,68990,2026-07-18T06:27:32+00:00,https://t.me/kpszsu/68990,80.1K,КАБ,КАБ на Донеччину!,"🚀
КАБ на Донеччину!"
kpszsu,68993,2026-07-18T06:43:50+00:00,https://t.me/kpszsu/68993,83K,КАБ,КАБи на північ Харківщини та Донеччину!,"🚀
КАБи на північ Харківщини та Донеччину!"
kpszsu,68995,2026-07-18T07:08:44+00:00,https://t.me/kpszsu/68995,89.7K,КАБ,КАБ на схід Харківщини!,"🚀
КАБ на схід Харківщини!"
kpszsu,68996,2026-07-18T07:13:13+00:00,https://t.me/kpszsu/68996,89.1K,КАБ,КАБи на Донеччину!,"🚀
КАБи на Донеччину!"
kpszsu,69005,2026-07-18T08:07:10+00:00,https://t.me/kpszsu/69005,90.2K,КАБ,КАБи на Дніпропетровщину!,"🚀
КАБи на Дніпропетровщину!"
kpszsu,69016,2026-07-18T11:37:31+00:00,https://t.me/kpszsu/69016,83K,КАБ,КАБи на Харківщину.,"🚀
КАБи на Харківщину."
kpszsu,69024,2026-07-18T12:18:30+00:00,https://t.me/kpszsu/69024,85K,КАБ,КАБи на Харківщину.,"🚀
КАБи на Харківщину."
kpszsu,69026,2026-07-18T13:34:50+00:00,https://t.me/kpszsu/69026,75.9K,КАБ,КАБи на Херсонщину.,"🚀
КАБи на Херсонщину."
kpszsu,69027,2026-07-18T13:35:43+00:00,https://t.me/kpszsu/69027,78.9K,КАБ,КАБи на Херсонщину.,"🚀
КАБи на Херсонщину."
kpszsu,69030,2026-07-18T14:16:54+00:00,https://t.me/kpszsu/69030,76.8K,КАБ,КАБи на Запоріжжя.,"🚀
КАБи на Запоріжжя."
kpszsu,69033,2026-07-18T14:48:50+00:00,https://t.me/kpszsu/69033,58.6K,КАБ,КАБи на Донеччину!,"🚀
КАБи на Донеччину!"
kpszsu,69048,2026-07-18T15:38:12+00:00,https://t.me/kpszsu/69048,16.2K,КАБ,КАБи на Донеччину!,"🚀
КАБи на Донеччину!"
